frame,timestamp,tier,agent_index,pos_x,pos_y,pos_z,vel_x,vel_y,vel_z,speed,extra
1,2.467,GENERAL,0,0.000,0.000,5.000,0.000,0.000,0.000,0.000,N/A
1,2.467,NODE,0,-5.002,-4.992,3.000,-0.114,0.495,0.000,0.508,zone=0 dist=0.00m
1,2.467,NODE,1,5.002,-4.992,3.000,0.117,0.497,0.000,0.511,zone=1 dist=0.00m
1,2.467,NODE,2,-4.994,4.994,3.000,0.362,-0.361,0.000,0.512,zone=2 dist=0.00m
1,2.467,NODE,3,4.994,4.994,3.000,-0.361,-0.361,0.000,0.511,zone=3 dist=0.00m
1,2.467,SCOUT,0,-3.500,-4.998,3.000,-0.023,0.099,0.000,0.102,cmd_age=0.02s bat=1.00 dist=0.00m
1,2.467,SCOUT,1,-5.000,-3.498,3.000,-0.023,0.099,0.000,0.102,cmd_age=0.02s bat=1.00 dist=0.00m
1,2.467,SCOUT,2,-6.500,-4.998,3.000,-0.023,0.099,0.000,0.102,cmd_age=0.02s bat=1.00 dist=0.00m
1,2.467,SCOUT,3,-5.000,-6.498,3.000,-0.023,0.099,0.000,0.102,cmd_age=0.02s bat=1.00 dist=0.00m
1,2.467,SCOUT,4,6.500,-4.998,3.000,0.023,0.099,0.000,0.102,cmd_age=0.02s bat=1.00 dist=0.00m
1,2.467,SCOUT,5,5.000,-3.498,3.000,0.023,0.099,0.000,0.102,cmd_age=0.02s bat=1.00 dist=0.00m
1,2.467,SCOUT,6,3.500,-4.998,3.000,0.023,0.099,0.000,0.102,cmd_age=0.02s bat=1.00 dist=0.00m
1,2.467,SCOUT,7,5.000,-6.498,3.000,0.023,0.099,0.000,0.102,cmd_age=0.02s bat=1.00 dist=0.00m
1,2.467,SCOUT,8,-3.499,4.999,3.000,0.072,-0.072,0.000,0.102,cmd_age=0.02s bat=1.00 dist=0.00m
1,2.467,SCOUT,9,-4.999,6.499,3.000,0.072,-0.072,0.000,0.102,cmd_age=0.02s bat=1.00 dist=0.00m
1,2.467,SCOUT,10,-6.499,4.999,3.000,0.072,-0.072,0.000,0.102,cmd_age=0.02s bat=1.00 dist=0.00m
1,2.467,SCOUT,11,-4.999,3.499,3.000,0.072,-0.072,0.000,0.102,cmd_age=0.02s bat=1.00 dist=0.00m
1,2.467,SCOUT,12,6.499,4.999,3.000,-0.072,-0.072,0.000,0.102,cmd_age=0.02s bat=1.00 dist=0.00m
1,2.467,SCOUT,13,4.999,6.499,3.000,-0.072,-0.072,0.000,0.102,cmd_age=0.02s bat=1.00 dist=0.00m
1,2.467,SCOUT,14,3.499,4.999,3.000,-0.072,-0.072,0.000,0.102,cmd_age=0.02s bat=1.00 dist=0.00m
1,2.467,SCOUT,15,4.999,3.499,3.000,-0.072,-0.072,0.000,0.102,cmd_age=0.02s bat=1.00 dist=0.00m
1,2.467,WORKER,0,-3.002,-4.996,3.000,-0.096,0.249,0.000,0.267,state=MOVING bat=1.00 dist=0.00m
1,2.467,WORKER,1,7.000,-4.996,3.000,0.020,0.266,0.000,0.267,state=MOVING bat=1.00 dist=0.00m
1,2.467,WORKER,2,-2.997,4.997,3.000,0.172,-0.204,0.000,0.267,state=MOVING bat=1.00 dist=0.00m
1,2.467,WORKER,3,6.997,4.997,3.000,-0.202,-0.175,0.000,0.267,state=MOVING bat=1.00 dist=0.00m
2,4.907,GENERAL,0,0.000,0.000,5.000,0.000,0.000,0.000,0.000,N/A
2,4.907,NODE,0,-5.004,-4.983,3.000,-0.123,0.517,0.000,0.532,zone=0 dist=0.01m
2,4.907,NODE,1,5.004,-4.983,3.000,0.117,0.521,0.000,0.534,zone=1 dist=0.01m
2,4.907,NODE,2,-4.988,4.988,3.000,0.379,-0.377,0.000,0.535,zone=2 dist=0.01m
2,4.907,NODE,3,4.988,4.988,3.000,-0.378,-0.377,0.000,0.534,zone=3 dist=0.01m
2,4.907,SCOUT,0,-3.501,-4.995,3.000,-0.043,0.183,0.000,0.188,cmd_age=0.02s bat=1.00 dist=0.00m
2,4.907,SCOUT,1,-5.001,-3.495,3.000,-0.043,0.183,0.000,0.188,cmd_age=0.02s bat=1.00 dist=0.00m
2,4.907,SCOUT,2,-6.501,-4.995,3.000,-0.043,0.183,0.000,0.188,cmd_age=0.02s bat=1.00 dist=0.00m
2,4.907,SCOUT,3,-5.001,-6.495,3.000,-0.043,0.183,0.000,0.188,cmd_age=0.02s bat=1.00 dist=0.00m
2,4.907,SCOUT,4,6.501,-4.995,3.000,0.042,0.184,0.000,0.188,cmd_age=0.02s bat=1.00 dist=0.00m
2,4.907,SCOUT,5,5.001,-3.495,3.000,0.042,0.184,0.000,0.188,cmd_age=0.02s bat=1.00 dist=0.00m
2,4.907,SCOUT,6,3.501,-4.995,3.000,0.042,0.184,0.000,0.188,cmd_age=0.02s bat=1.00 dist=0.00m
2,4.907,SCOUT,7,5.001,-6.495,3.000,0.042,0.184,0.000,0.188,cmd_age=0.02s bat=1.00 dist=0.00m
2,4.907,SCOUT,8,-3.497,4.997,3.000,0.134,-0.133,0.000,0.189,cmd_age=0.02s bat=1.00 dist=0.00m
2,4.907,SCOUT,9,-4.997,6.497,3.000,0.134,-0.133,0.000,0.189,cmd_age=0.02s bat=1.00 dist=0.00m
2,4.907,SCOUT,10,-6.497,4.997,3.000,0.134,-0.133,0.000,0.189,cmd_age=0.02s bat=1.00 dist=0.00m
2,4.907,SCOUT,11,-4.997,3.497,3.000,0.134,-0.133,0.000,0.189,cmd_age=0.02s bat=1.00 dist=0.00m
2,4.907,SCOUT,12,6.497,4.997,3.000,-0.133,-0.133,0.000,0.188,cmd_age=0.02s bat=1.00 dist=0.00m
2,4.907,SCOUT,13,4.997,6.497,3.000,-0.133,-0.133,0.000,0.188,cmd_age=0.02s bat=1.00 dist=0.00m
2,4.907,SCOUT,14,3.497,4.997,3.000,-0.133,-0.133,0.000,0.188,cmd_age=0.02s bat=1.00 dist=0.00m
2,4.907,SCOUT,15,4.997,3.497,3.000,-0.133,-0.133,0.000,0.188,cmd_age=0.02s bat=1.00 dist=0.00m
2,4.907,WORKER,0,-3.005,-4.988,3.000,-0.179,0.465,0.000,0.498,state=MOVING bat=1.00 dist=0.01m
2,4.907,WORKER,1,7.001,-4.987,3.000,0.038,0.496,0.000,0.498,state=MOVING bat=1.00 dist=0.01m
2,4.907,WORKER,2,-2.992,4.990,3.000,0.322,-0.380,0.000,0.498,state=MOVING bat=1.00 dist=0.01m
2,4.907,WORKER,3,6.990,4.992,3.000,-0.376,-0.326,0.000,0.498,state=MOVING bat=1.00 dist=0.01m
3,7.321,GENERAL,0,0.000,0.000,5.000,0.000,0.000,0.000,0.000,N/A
3,7.321,NODE,0,-5.006,-4.974,3.000,-0.123,0.529,0.000,0.543,zone=0 dist=0.02m
3,7.321,NODE,1,5.006,-4.974,3.000,0.121,0.532,0.000,0.545,zone=1 dist=0.02m
3,7.321,NODE,2,-4.981,4.981,3.000,0.385,-0.386,0.000,0.545,zone=2 dist=0.02m
3,7.321,NODE,3,4.981,4.981,3.000,-0.387,-0.386,0.000,0.547,zone=3 dist=0.02m
3,7.321,SCOUT,0,-3.502,-4.991,3.000,-0.059,0.252,0.000,0.259,cmd_age=0.02s bat=1.00 dist=0.01m
3,7.321,SCOUT,1,-5.002,-3.491,3.000,-0.059,0.252,0.000,0.259,cmd_age=0.02s bat=1.00 dist=0.01m
3,7.321,SCOUT,2,-6.502,-4.991,3.000,-0.059,0.252,0.000,0.259,cmd_age=0.02s bat=1.00 dist=0.01m
3,7.321,SCOUT,3,-5.002,-6.491,3.000,-0.059,0.252,0.000,0.259,cmd_age=0.02s bat=1.00 dist=0.01m
3,7.321,SCOUT,4,6.502,-4.991,3.000,0.058,0.253,0.000,0.260,cmd_age=0.02s bat=1.00 dist=0.01m
3,7.321,SCOUT,5,5.002,-3.491,3.000,0.058,0.253,0.000,0.260,cmd_age=0.02s bat=1.00 dist=0.01m
3,7.321,SCOUT,6,3.502,-4.991,3.000,0.058,0.253,0.000,0.260,cmd_age=0.02s bat=1.00 dist=0.01m
3,7.321,SCOUT,7,5.002,-6.491,3.000,0.058,0.253,0.000,0.260,cmd_age=0.02s bat=1.00 dist=0.01m
3,7.321,SCOUT,8,-3.493,4.994,3.000,0.184,-0.184,0.000,0.260,cmd_age=0.02s bat=1.00 dist=0.01m
3,7.321,SCOUT,9,-4.993,6.494,3.000,0.184,-0.184,0.000,0.260,cmd_age=0.02s bat=1.00 dist=0.01m
3,7.321,SCOUT,10,-6.493,4.994,3.000,0.184,-0.184,0.000,0.260,cmd_age=0.02s bat=1.00 dist=0.01m
3,7.321,SCOUT,11,-4.993,3.494,3.000,0.184,-0.184,0.000,0.260,cmd_age=0.02s bat=1.00 dist=0.01m
3,7.321,SCOUT,12,6.494,4.994,3.000,-0.184,-0.184,0.000,0.260,cmd_age=0.02s bat=1.00 dist=0.01m
3,7.321,SCOUT,13,4.994,6.494,3.000,-0.184,-0.184,0.000,0.260,cmd_age=0.02s bat=1.00 dist=0.01m
3,7.321,SCOUT,14,3.494,4.994,3.000,-0.184,-0.184,0.000,0.260,cmd_age=0.02s bat=1.00 dist=0.01m
3,7.321,SCOUT,15,4.994,3.494,3.000,-0.184,-0.184,0.000,0.260,cmd_age=0.02s bat=1.00 dist=0.01m
3,7.321,WORKER,0,-3.009,-4.977,3.000,-0.251,0.652,0.000,0.698,state=MOVING bat=1.00 dist=0.02m
3,7.321,WORKER,1,7.002,-4.976,3.000,0.054,0.696,0.000,0.698,state=MOVING bat=1.00 dist=0.02m
3,7.321,WORKER,2,-2.984,4.981,3.000,0.451,-0.533,0.000,0.698,state=MOVING bat=1.00 dist=0.02m
3,7.321,WORKER,3,6.982,4.984,3.000,-0.528,-0.457,0.000,0.698,state=MOVING bat=1.00 dist=0.02m
4,9.732,GENERAL,0,0.000,0.000,5.000,0.000,0.000,0.000,0.000,N/A
4,9.732,NODE,0,-5.008,-4.965,3.000,-0.124,0.539,0.000,0.553,zone=0 dist=0.03m
4,9.732,NODE,1,5.008,-4.965,3.000,0.124,0.541,0.000,0.555,zone=1 dist=0.03m
4,9.732,NODE,2,-4.975,4.975,3.000,0.393,-0.391,0.000,0.554,zone=2 dist=0.03m
4,9.732,NODE,3,4.975,4.975,3.000,-0.390,-0.395,0.000,0.556,zone=3 dist=0.03m
4,9.732,SCOUT,0,-3.503,-4.986,3.000,-0.072,0.309,0.000,0.318,cmd_age=0.02s bat=1.00 dist=0.01m
4,9.732,SCOUT,1,-5.003,-3.486,3.000,-0.072,0.309,0.000,0.318,cmd_age=0.02s bat=1.00 dist=0.01m
4,9.732,SCOUT,2,-6.503,-4.986,3.000,-0.072,0.309,0.000,0.318,cmd_age=0.02s bat=1.00 dist=0.01m
4,9.732,SCOUT,3,-5.003,-6.486,3.000,-0.072,0.309,0.000,0.318,cmd_age=0.02s bat=1.00 dist=0.01m
4,9.732,SCOUT,4,6.503,-4.986,3.000,0.071,0.311,0.000,0.319,cmd_age=0.02s bat=1.00 dist=0.01m
4,9.732,SCOUT,5,5.003,-3.486,3.000,0.071,0.311,0.000,0.319,cmd_age=0.02s bat=1.00 dist=0.01m
4,9.732,SCOUT,6,3.503,-4.986,3.000,0.071,0.311,0.000,0.319,cmd_age=0.02s bat=1.00 dist=0.01m
4,9.732,SCOUT,7,5.003,-6.486,3.000,0.071,0.311,0.000,0.319,cmd_age=0.02s bat=1.00 dist=0.01m
4,9.732,SCOUT,8,-3.490,4.990,3.000,0.226,-0.225,0.000,0.319,cmd_age=0.02s bat=1.00 dist=0.01m
4,9.732,SCOUT,9,-4.990,6.490,3.000,0.226,-0.225,0.000,0.319,cmd_age=0.02s bat=1.00 dist=0.01m
4,9.732,SCOUT,10,-6.490,4.990,3.000,0.226,-0.225,0.000,0.319,cmd_age=0.02s bat=1.00 dist=0.01m
4,9.732,SCOUT,11,-4.990,3.490,3.000,0.226,-0.225,0.000,0.319,cmd_age=0.02s bat=1.00 dist=0.01m
4,9.732,SCOUT,12,6.490,4.990,3.000,-0.225,-0.226,0.000,0.319,cmd_age=0.02s bat=1.00 dist=0.01m
4,9.732,SCOUT,13,4.990,6.490,3.000,-0.225,-0.226,0.000,0.319,cmd_age=0.02s bat=1.00 dist=0.01m
4,9.732,SCOUT,14,3.490,4.990,3.000,-0.225,-0.226,0.000,0.319,cmd_age=0.02s bat=1.00 dist=0.01m
4,9.732,SCOUT,15,4.990,3.490,3.000,-0.225,-0.226,0.000,0.319,cmd_age=0.02s bat=1.00 dist=0.01m
4,9.732,WORKER,0,-3.014,-4.964,3.000,-0.313,0.814,0.000,0.872,state=MOVING bat=1.00 dist=0.03m
4,9.732,WORKER,1,7.003,-4.961,3.000,0.067,0.869,0.000,0.872,state=MOVING bat=1.00 dist=0.03m
4,9.732,WORKER,2,-2.975,4.970,3.000,0.563,-0.665,0.000,0.872,state=MOVING bat=1.00 dist=0.03m
4,9.732,WORKER,3,6.971,4.975,3.000,-0.659,-0.571,0.000,0.872,state=MOVING bat=1.00 dist=0.03m
5,13.130,GENERAL,0,0.000,0.000,5.000,0.000,0.000,0.000,0.000,N/A
5,13.130,NODE,0,-5.010,-4.957,3.000,-0.120,0.519,0.000,0.533,zone=0 dist=0.04m
5,13.130,NODE,1,5.010,-4.956,3.000,0.120,0.521,0.000,0.535,zone=1 dist=0.04m
5,13.130,NODE,2,-4.968,4.968,3.000,0.378,-0.377,0.000,0.533,zone=2 dist=0.04m
5,13.130,NODE,3,4.968,4.968,3.000,-0.377,-0.376,0.000,0.532,zone=3 dist=0.04m
5,13.130,SCOUT,0,-3.505,-4.980,3.000,-0.082,0.351,0.000,0.361,cmd_age=0.02s bat=1.00 dist=0.02m
5,13.130,SCOUT,1,-5.005,-3.480,3.000,-0.082,0.351,0.000,0.361,cmd_age=0.02s bat=1.00 dist=0.02m
5,13.130,SCOUT,2,-6.505,-4.980,3.000,-0.082,0.351,0.000,0.361,cmd_age=0.02s bat=1.00 dist=0.02m
5,13.130,SCOUT,3,-5.005,-6.480,3.000,-0.082,0.351,0.000,0.361,cmd_age=0.02s bat=1.00 dist=0.02m
5,13.130,SCOUT,4,6.505,-4.980,3.000,0.081,0.353,0.000,0.362,cmd_age=0.02s bat=1.00 dist=0.02m
5,13.130,SCOUT,5,5.005,-3.480,3.000,0.081,0.353,0.000,0.362,cmd_age=0.02s bat=1.00 dist=0.02m
5,13.130,SCOUT,6,3.505,-4.980,3.000,0.081,0.353,0.000,0.362,cmd_age=0.02s bat=1.00 dist=0.02m
5,13.130,SCOUT,7,5.005,-6.480,3.000,0.081,0.353,0.000,0.362,cmd_age=0.02s bat=1.00 dist=0.02m
5,13.130,SCOUT,8,-3.485,4.985,3.000,0.256,-0.256,0.000,0.362,cmd_age=0.02s bat=1.00 dist=0.02m
5,13.130,SCOUT,9,-4.985,6.485,3.000,0.256,-0.256,0.000,0.362,cmd_age=0.02s bat=1.00 dist=0.02m
5,13.130,SCOUT,10,-6.485,4.985,3.000,0.256,-0.256,0.000,0.362,cmd_age=0.02s bat=1.00 dist=0.02m
5,13.130,SCOUT,11,-4.985,3.485,3.000,0.256,-0.256,0.000,0.362,cmd_age=0.02s bat=1.00 dist=0.02m
5,13.130,SCOUT,12,6.485,4.985,3.000,-0.256,-0.256,0.000,0.362,cmd_age=0.02s bat=1.00 dist=0.02m
5,13.130,SCOUT,13,4.985,6.485,3.000,-0.256,-0.256,0.000,0.362,cmd_age=0.02s bat=1.00 dist=0.02m
5,13.130,SCOUT,14,3.485,4.985,3.000,-0.256,-0.256,0.000,0.362,cmd_age=0.02s bat=1.00 dist=0.02m
5,13.130,SCOUT,15,4.985,3.485,3.000,-0.256,-0.256,0.000,0.362,cmd_age=0.02s bat=1.00 dist=0.02m
5,13.130,WORKER,0,-3.020,-4.948,3.000,-0.367,0.954,0.000,1.022,state=MOVING bat=1.00 dist=0.05m
5,13.130,WORKER,1,7.004,-4.944,3.000,0.078,1.019,0.000,1.022,state=MOVING bat=1.00 dist=0.05m
5,13.130,WORKER,2,-2.964,4.957,3.000,0.660,-0.780,0.000,1.022,state=MOVING bat=1.00 dist=0.05m
5,13.130,WORKER,3,6.958,4.963,3.000,-0.772,-0.669,0.000,1.022,state=MOVING bat=1.00 dist=0.05m
6,15.537,GENERAL,0,0.000,0.000,5.000,0.000,0.000,0.000,0.000,N/A
6,15.537,NODE,0,-5.012,-4.948,3.000,-0.122,0.526,0.000,0.540,zone=0 dist=0.05m
6,15.537,NODE,1,5.012,-4.948,3.000,0.122,0.526,0.000,0.540,zone=1 dist=0.05m
6,15.537,NODE,2,-4.962,4.962,3.000,0.383,-0.381,0.000,0.540,zone=2 dist=0.05m
6,15.537,NODE,3,4.962,4.962,3.000,-0.383,-0.381,0.000,0.540,zone=3 dist=0.05m
6,15.537,SCOUT,0,-3.506,-4.974,3.000,-0.090,0.386,0.000,0.397,cmd_age=0.02s bat=1.00 dist=0.03m
6,15.537,SCOUT,1,-5.006,-3.474,3.000,-0.090,0.386,0.000,0.397,cmd_age=0.02s bat=1.00 dist=0.03m
6,15.537,SCOUT,2,-6.506,-4.974,3.000,-0.090,0.386,0.000,0.397,cmd_age=0.02s bat=1.00 dist=0.03m
6,15.537,SCOUT,3,-5.006,-6.474,3.000,-0.090,0.386,0.000,0.397,cmd_age=0.02s bat=1.00 dist=0.03m
6,15.537,SCOUT,4,6.506,-4.974,3.000,0.089,0.388,0.000,0.398,cmd_age=0.02s bat=1.00 dist=0.03m
6,15.537,SCOUT,5,5.006,-3.474,3.000,0.089,0.388,0.000,0.398,cmd_age=0.02s bat=1.00 dist=0.03m
6,15.537,SCOUT,6,3.506,-4.974,3.000,0.089,0.388,0.000,0.398,cmd_age=0.02s bat=1.00 dist=0.03m
6,15.537,SCOUT,7,5.006,-6.474,3.000,0.089,0.388,0.000,0.398,cmd_age=0.02s bat=1.00 dist=0.03m
6,15.537,SCOUT,8,-3.481,4.981,3.000,0.281,-0.281,0.000,0.398,cmd_age=0.02s bat=1.00 dist=0.03m
6,15.537,SCOUT,9,-4.981,6.481,3.000,0.281,-0.281,0.000,0.398,cmd_age=0.02s bat=1.00 dist=0.03m
6,15.537,SCOUT,10,-6.481,4.981,3.000,0.281,-0.281,0.000,0.398,cmd_age=0.02s bat=1.00 dist=0.03m
6,15.537,SCOUT,11,-4.981,3.481,3.000,0.281,-0.281,0.000,0.398,cmd_age=0.02s bat=1.00 dist=0.03m
6,15.537,SCOUT,12,6.481,4.981,3.000,-0.281,-0.281,0.000,0.398,cmd_age=0.02s bat=1.00 dist=0.03m
6,15.537,SCOUT,13,4.981,6.481,3.000,-0.281,-0.281,0.000,0.398,cmd_age=0.02s bat=1.00 dist=0.03m
6,15.537,SCOUT,14,3.481,4.981,3.000,-0.281,-0.281,0.000,0.398,cmd_age=0.02s bat=1.00 dist=0.03m
6,15.537,SCOUT,15,4.981,3.481,3.000,-0.281,-0.281,0.000,0.398,cmd_age=0.02s bat=1.00 dist=0.03m
6,15.537,WORKER,0,-3.027,-4.930,3.000,-0.414,1.076,0.000,1.152,state=MOVING bat=1.00 dist=0.07m
6,15.537,WORKER,1,7.006,-4.925,3.000,0.088,1.149,0.000,1.152,state=MOVING bat=1.00 dist=0.07m
6,15.537,WORKER,2,-2.951,4.943,3.000,0.744,-0.880,0.000,1.152,state=MOVING bat=1.00 dist=0.07m
6,15.537,WORKER,3,6.943,4.951,3.000,-0.871,-0.755,0.000,1.152,state=MOVING bat=1.00 dist=0.07m
7,18.485,GENERAL,0,0.000,0.000,5.000,0.000,0.000,0.000,0.000,N/A
7,18.485,NODE,0,-5.014,-4.939,3.000,-0.123,0.535,0.000,0.549,zone=0 dist=0.05m
7,18.485,NODE,1,5.014,-4.939,3.000,0.125,0.535,0.000,0.549,zone=1 dist=0.05m
7,18.485,NODE,2,-4.956,4.956,3.000,0.390,-0.387,0.000,0.549,zone=2 dist=0.05m
7,18.485,NODE,3,4.956,4.956,3.000,-0.385,-0.389,0.000,0.548,zone=3 dist=0.05m
7,18.485,SCOUT,0,-3.508,-4.967,3.000,-0.096,0.416,0.000,0.427,cmd_age=0.02s bat=1.00 dist=0.03m
7,18.485,SCOUT,1,-5.008,-3.467,3.000,-0.096,0.416,0.000,0.427,cmd_age=0.02s bat=1.00 dist=0.03m
7,18.485,SCOUT,2,-6.508,-4.967,3.000,-0.096,0.416,0.000,0.427,cmd_age=0.02s bat=1.00 dist=0.03m
7,18.485,SCOUT,3,-5.008,-6.467,3.000,-0.096,0.416,0.000,0.427,cmd_age=0.02s bat=1.00 dist=0.03m
7,18.485,SCOUT,4,6.508,-4.967,3.000,0.096,0.417,0.000,0.428,cmd_age=0.02s bat=1.00 dist=0.03m
7,18.485,SCOUT,5,5.008,-3.467,3.000,0.096,0.417,0.000,0.428,cmd_age=0.02s bat=1.00 dist=0.03m
7,18.485,SCOUT,6,3.508,-4.967,3.000,0.096,0.417,0.000,0.428,cmd_age=0.02s bat=1.00 dist=0.03m
7,18.485,SCOUT,7,5.008,-6.467,3.000,0.096,0.417,0.000,0.428,cmd_age=0.02s bat=1.00 dist=0.03m
7,18.485,SCOUT,8,-3.476,4.976,3.000,0.303,-0.302,0.000,0.428,cmd_age=0.02s bat=1.00 dist=0.03m
7,18.485,SCOUT,9,-4.976,6.476,3.000,0.303,-0.302,0.000,0.428,cmd_age=0.02s bat=1.00 dist=0.03m
7,18.485,SCOUT,10,-6.476,4.976,3.000,0.303,-0.302,0.000,0.428,cmd_age=0.02s bat=1.00 dist=0.03m
7,18.485,SCOUT,11,-4.976,3.476,3.000,0.303,-0.302,0.000,0.428,cmd_age=0.02s bat=1.00 dist=0.03m
7,18.485,SCOUT,12,6.476,4.976,3.000,-0.302,-0.303,0.000,0.428,cmd_age=0.02s bat=1.00 dist=0.03m
7,18.485,SCOUT,13,4.976,6.476,3.000,-0.302,-0.303,0.000,0.428,cmd_age=0.02s bat=1.00 dist=0.03m
7,18.485,SCOUT,14,3.476,4.976,3.000,-0.302,-0.303,0.000,0.428,cmd_age=0.02s bat=1.00 dist=0.03m
7,18.485,SCOUT,15,4.976,3.476,3.000,-0.302,-0.303,0.000,0.428,cmd_age=0.02s bat=1.00 dist=0.03m
7,18.485,WORKER,0,-3.035,-4.910,3.000,-0.454,1.181,0.000,1.265,state=MOVING bat=1.00 dist=0.09m
7,18.485,WORKER,1,7.007,-4.904,3.000,0.097,1.262,0.000,1.265,state=MOVING bat=1.00 dist=0.09m
7,18.485,WORKER,2,-2.938,4.927,3.000,0.817,-0.966,0.000,1.265,state=MOVING bat=1.00 dist=0.09m
7,18.485,WORKER,3,6.927,4.937,3.000,-0.956,-0.829,0.000,1.265,state=MOVING bat=1.00 dist=0.09m
8,21.107,GENERAL,0,0.000,0.000,5.000,0.000,0.000,0.000,0.000,N/A
8,21.107,NODE,0,-5.016,-4.930,3.000,-0.124,0.543,0.000,0.557,zone=0 dist=0.06m
8,21.107,NODE,1,5.016,-4.930,3.000,0.125,0.543,0.000,0.558,zone=1 dist=0.06m
8,21.107,NODE,2,-4.949,4.949,3.000,0.394,-0.391,0.000,0.555,zone=2 dist=0.06m
8,21.107,NODE,3,4.949,4.949,3.000,-0.394,-0.394,0.000,0.557,zone=3 dist=0.06m
8,21.107,SCOUT,0,-3.509,-4.959,3.000,-0.102,0.441,0.000,0.453,cmd_age=0.02s bat=1.00 dist=0.04m
8,21.107,SCOUT,1,-5.009,-3.459,3.000,-0.102,0.441,0.000,0.453,cmd_age=0.02s bat=1.00 dist=0.04m
8,21.107,SCOUT,2,-6.509,-4.959,3.000,-0.102,0.441,0.000,0.453,cmd_age=0.02s bat=1.00 dist=0.04m
8,21.107,SCOUT,3,-5.009,-6.459,3.000,-0.102,0.441,0.000,0.453,cmd_age=0.02s bat=1.00 dist=0.04m
8,21.107,SCOUT,4,6.509,-4.959,3.000,0.102,0.442,0.000,0.454,cmd_age=0.02s bat=1.00 dist=0.04m
8,21.107,SCOUT,5,5.009,-3.459,3.000,0.102,0.442,0.000,0.454,cmd_age=0.02s bat=1.00 dist=0.04m
8,21.107,SCOUT,6,3.509,-4.959,3.000,0.102,0.442,0.000,0.454,cmd_age=0.02s bat=1.00 dist=0.04m
8,21.107,SCOUT,7,5.009,-6.459,3.000,0.102,0.442,0.000,0.454,cmd_age=0.02s bat=1.00 dist=0.04m
8,21.107,SCOUT,8,-3.470,4.970,3.000,0.321,-0.320,0.000,0.453,cmd_age=0.02s bat=1.00 dist=0.04m
8,21.107,SCOUT,9,-4.970,6.470,3.000,0.321,-0.320,0.000,0.453,cmd_age=0.02s bat=1.00 dist=0.04m
8,21.107,SCOUT,10,-6.470,4.970,3.000,0.321,-0.320,0.000,0.453,cmd_age=0.02s bat=1.00 dist=0.04m
8,21.107,SCOUT,11,-4.970,3.470,3.000,0.321,-0.320,0.000,0.453,cmd_age=0.02s bat=1.00 dist=0.04m
8,21.107,SCOUT,12,6.470,4.970,3.000,-0.320,-0.321,0.000,0.453,cmd_age=0.02s bat=1.00 dist=0.04m
8,21.107,SCOUT,13,4.970,6.470,3.000,-0.320,-0.321,0.000,0.453,cmd_age=0.02s bat=1.00 dist=0.04m
8,21.107,SCOUT,14,3.470,4.970,3.000,-0.320,-0.321,0.000,0.453,cmd_age=0.02s bat=1.00 dist=0.04m
8,21.107,SCOUT,15,4.970,3.470,3.000,-0.320,-0.321,0.000,0.453,cmd_age=0.02s bat=1.00 dist=0.04m
8,21.107,WORKER,0,-3.043,-4.889,3.000,-0.489,1.273,0.000,1.363,state=MOVING bat=1.00 dist=0.11m
8,21.107,WORKER,1,7.009,-4.881,3.000,0.105,1.359,0.000,1.363,state=MOVING bat=1.00 dist=0.11m
8,21.107,WORKER,2,-2.923,4.909,3.000,0.881,-1.041,0.000,1.363,state=MOVING bat=1.00 dist=0.11m
8,21.107,WORKER,3,6.910,4.922,3.000,-1.030,-0.893,0.000,1.363,state=MOVING bat=1.00 dist=0.11m
9,23.462,GENERAL,0,0.000,0.000,5.000,0.000,0.000,0.000,0.000,N/A
9,23.462,NODE,0,-5.018,-4.921,3.000,-0.126,0.548,0.000,0.562,zone=0 dist=0.07m
9,23.462,NODE,1,5.018,-4.921,3.000,0.127,0.549,0.000,0.564,zone=1 dist=0.07m
9,23.462,NODE,2,-4.942,4.943,3.000,0.399,-0.397,0.000,0.563,zone=2 dist=0.07m
9,23.462,NODE,3,4.942,4.942,3.000,-0.397,-0.397,0.000,0.562,zone=3 dist=0.07m
9,23.462,SCOUT,0,-3.511,-4.952,3.000,-0.107,0.463,0.000,0.475,cmd_age=0.02s bat=1.00 dist=0.05m
9,23.462,SCOUT,1,-5.011,-3.452,3.000,-0.107,0.463,0.000,0.475,cmd_age=0.02s bat=1.00 dist=0.05m
9,23.462,SCOUT,2,-6.511,-4.952,3.000,-0.107,0.463,0.000,0.475,cmd_age=0.02s bat=1.00 dist=0.05m
9,23.462,SCOUT,3,-5.011,-6.452,3.000,-0.107,0.463,0.000,0.475,cmd_age=0.02s bat=1.00 dist=0.05m
9,23.462,SCOUT,4,6.511,-4.951,3.000,0.107,0.464,0.000,0.476,cmd_age=0.02s bat=1.00 dist=0.05m
9,23.462,SCOUT,5,5.011,-3.451,3.000,0.107,0.464,0.000,0.476,cmd_age=0.02s bat=1.00 dist=0.05m
9,23.462,SCOUT,6,3.511,-4.951,3.000,0.107,0.464,0.000,0.476,cmd_age=0.02s bat=1.00 dist=0.05m
9,23.462,SCOUT,7,5.011,-6.451,3.000,0.107,0.464,0.000,0.476,cmd_age=0.02s bat=1.00 dist=0.05m
9,23.462,SCOUT,8,-3.465,4.965,3.000,0.337,-0.335,0.000,0.475,cmd_age=0.02s bat=1.00 dist=0.05m
9,23.462,SCOUT,9,-4.965,6.465,3.000,0.337,-0.335,0.000,0.475,cmd_age=0.02s bat=1.00 dist=0.05m
9,23.462,SCOUT,10,-6.465,4.965,3.000,0.337,-0.335,0.000,0.475,cmd_age=0.02s bat=1.00 dist=0.05m
9,23.462,SCOUT,11,-4.965,3.465,3.000,0.337,-0.335,0.000,0.475,cmd_age=0.02s bat=1.00 dist=0.05m
9,23.462,SCOUT,12,6.465,4.965,3.000,-0.336,-0.336,0.000,0.475,cmd_age=0.02s bat=1.00 dist=0.05m
9,23.462,SCOUT,13,4.965,6.465,3.000,-0.336,-0.336,0.000,0.475,cmd_age=0.02s bat=1.00 dist=0.05m
9,23.462,SCOUT,14,3.465,4.965,3.000,-0.336,-0.336,0.000,0.475,cmd_age=0.02s bat=1.00 dist=0.05m
9,23.462,SCOUT,15,4.965,3.465,3.000,-0.336,-0.336,0.000,0.475,cmd_age=0.02s bat=1.00 dist=0.05m
9,23.462,WORKER,0,-3.051,-4.866,3.000,-0.520,1.352,0.000,1.448,state=MOVING bat=1.00 dist=0.14m
9,23.462,WORKER,1,7.011,-4.857,3.000,0.111,1.444,0.000,1.448,state=MOVING bat=1.00 dist=0.14m
9,23.462,WORKER,2,-2.908,4.891,3.000,0.936,-1.106,0.000,1.448,state=MOVING bat=1.00 dist=0.14m
9,23.462,WORKER,3,6.892,4.906,3.000,-1.094,-0.949,0.000,1.448,state=MOVING bat=1.00 dist=0.14m
10,25.280,GENERAL,0,0.000,0.000,5.000,0.000,0.000,0.000,0.000,N/A
10,25.280,NODE,0,-5.020,-4.912,3.000,-0.130,0.554,0.000,0.569,zone=0 dist=0.08m
10,25.280,NODE,1,5.020,-4.911,3.000,0.129,0.555,0.000,0.569,zone=1 dist=0.08m
10,25.280,NODE,2,-4.936,4.936,3.000,0.402,-0.402,0.000,0.568,zone=2 dist=0.08m
10,25.280,NODE,3,4.936,4.936,3.000,-0.401,-0.400,0.000,0.567,zone=3 dist=0.08m
10,25.280,SCOUT,0,-3.513,-4.944,3.000,-0.111,0.481,0.000,0.494,cmd_age=0.02s bat=1.00 dist=0.06m
10,25.280,SCOUT,1,-5.013,-3.444,3.000,-0.111,0.481,0.000,0.494,cmd_age=0.02s bat=1.00 dist=0.06m
10,25.280,SCOUT,2,-6.513,-4.944,3.000,-0.111,0.481,0.000,0.494,cmd_age=0.02s bat=1.00 dist=0.06m
10,25.280,SCOUT,3,-5.013,-6.444,3.000,-0.111,0.481,0.000,0.494,cmd_age=0.02s bat=1.00 dist=0.06m
10,25.280,SCOUT,4,6.513,-4.943,3.000,0.111,0.482,0.000,0.495,cmd_age=0.02s bat=1.00 dist=0.06m
10,25.280,SCOUT,5,5.013,-3.443,3.000,0.111,0.482,0.000,0.495,cmd_age=0.02s bat=1.00 dist=0.06m
10,25.280,SCOUT,6,3.513,-4.943,3.000,0.111,0.482,0.000,0.495,cmd_age=0.02s bat=1.00 dist=0.06m
10,25.280,SCOUT,7,5.013,-6.443,3.000,0.111,0.482,0.000,0.495,cmd_age=0.02s bat=1.00 dist=0.06m
10,25.280,SCOUT,8,-3.459,4.959,3.000,0.350,-0.349,0.000,0.494,cmd_age=0.02s bat=1.00 dist=0.06m
10,25.280,SCOUT,9,-4.959,6.459,3.000,0.350,-0.349,0.000,0.494,cmd_age=0.02s bat=1.00 dist=0.06m
10,25.280,SCOUT,10,-6.459,4.959,3.000,0.350,-0.349,0.000,0.494,cmd_age=0.02s bat=1.00 dist=0.06m
10,25.280,SCOUT,11,-4.959,3.459,3.000,0.350,-0.349,0.000,0.494,cmd_age=0.02s bat=1.00 dist=0.06m
10,25.280,SCOUT,12,6.459,4.959,3.000,-0.349,-0.349,0.000,0.494,cmd_age=0.02s bat=1.00 dist=0.06m
10,25.280,SCOUT,13,4.959,6.459,3.000,-0.349,-0.349,0.000,0.494,cmd_age=0.02s bat=1.00 dist=0.06m
10,25.280,SCOUT,14,3.459,4.959,3.000,-0.349,-0.349,0.000,0.494,cmd_age=0.02s bat=1.00 dist=0.06m
10,25.280,SCOUT,15,4.959,3.459,3.000,-0.349,-0.349,0.000,0.494,cmd_age=0.02s bat=1.00 dist=0.06m
10,25.280,WORKER,0,-3.060,-4.843,3.000,-0.546,1.420,0.000,1.522,state=MOVING bat=1.00 dist=0.16m
10,25.280,WORKER,1,7.013,-4.832,3.000,0.117,1.517,0.000,1.522,state=MOVING bat=1.00 dist=0.16m
10,25.280,WORKER,2,-2.891,4.871,3.000,0.983,-1.162,0.000,1.522,state=MOVING bat=1.00 dist=0.16m
10,25.280,WORKER,3,6.873,4.890,3.000,-1.150,-0.997,0.000,1.522,state=MOVING bat=1.00 dist=0.16m
11,26.972,GENERAL,0,0.000,0.000,5.000,0.000,0.000,0.000,0.000,N/A
11,26.972,NODE,0,-5.023,-4.902,3.000,-0.131,0.559,0.000,0.574,zone=0 dist=0.09m
11,26.972,NODE,1,5.023,-4.902,3.000,0.130,0.559,0.000,0.574,zone=1 dist=0.09m
11,26.972,NODE,2,-4.929,4.929,3.000,0.405,-0.405,0.000,0.572,zone=2 dist=0.09m
11,26.972,NODE,3,4.929,4.929,3.000,-0.404,-0.405,0.000,0.572,zone=3 dist=0.09m
11,26.972,SCOUT,0,-3.515,-4.935,3.000,-0.115,0.497,0.000,0.510,cmd_age=0.02s bat=1.00 dist=0.06m
11,26.972,SCOUT,1,-5.015,-3.435,3.000,-0.115,0.497,0.000,0.510,cmd_age=0.02s bat=1.00 dist=0.06m
11,26.972,SCOUT,2,-6.515,-4.935,3.000,-0.115,0.497,0.000,0.510,cmd_age=0.02s bat=1.00 dist=0.06m
11,26.972,SCOUT,3,-5.015,-6.435,3.000,-0.115,0.497,0.000,0.510,cmd_age=0.02s bat=1.00 dist=0.06m
11,26.972,SCOUT,4,6.515,-4.935,3.000,0.115,0.497,0.000,0.510,cmd_age=0.02s bat=1.00 dist=0.06m
11,26.972,SCOUT,5,5.015,-3.435,3.000,0.115,0.497,0.000,0.510,cmd_age=0.02s bat=1.00 dist=0.06m
11,26.972,SCOUT,6,3.515,-4.935,3.000,0.115,0.497,0.000,0.510,cmd_age=0.02s bat=1.00 dist=0.06m
11,26.972,SCOUT,7,5.015,-6.435,3.000,0.115,0.497,0.000,0.510,cmd_age=0.02s bat=1.00 dist=0.06m
11,26.972,SCOUT,8,-3.453,4.953,3.000,0.361,-0.360,0.000,0.510,cmd_age=0.02s bat=1.00 dist=0.06m
11,26.972,SCOUT,9,-4.953,6.453,3.000,0.361,-0.360,0.000,0.510,cmd_age=0.02s bat=1.00 dist=0.06m
11,26.972,SCOUT,10,-6.453,4.953,3.000,0.361,-0.360,0.000,0.510,cmd_age=0.02s bat=1.00 dist=0.06m
11,26.972,SCOUT,11,-4.953,3.453,3.000,0.361,-0.360,0.000,0.510,cmd_age=0.02s bat=1.00 dist=0.06m
11,26.972,SCOUT,12,6.453,4.953,3.000,-0.360,-0.360,0.000,0.509,cmd_age=0.02s bat=1.00 dist=0.06m
11,26.972,SCOUT,13,4.953,6.453,3.000,-0.360,-0.360,0.000,0.509,cmd_age=0.02s bat=1.00 dist=0.06m
11,26.972,SCOUT,14,3.453,4.953,3.000,-0.360,-0.360,0.000,0.509,cmd_age=0.02s bat=1.00 dist=0.06m
11,26.972,SCOUT,15,4.953,3.453,3.000,-0.360,-0.360,0.000,0.509,cmd_age=0.02s bat=1.00 dist=0.06m
11,26.972,WORKER,0,-3.070,-4.818,3.000,-0.569,1.480,0.000,1.586,state=MOVING bat=1.00 dist=0.19m
11,26.972,WORKER,1,7.015,-4.806,3.000,0.122,1.581,0.000,1.586,state=MOVING bat=1.00 dist=0.19m
11,26.972,WORKER,2,-2.874,4.851,3.000,1.024,-1.210,0.000,1.586,state=MOVING bat=1.00 dist=0.19m
11,26.972,WORKER,3,6.853,4.872,3.000,-1.198,-1.038,0.000,1.586,state=MOVING bat=1.00 dist=0.19m
12,28.819,GENERAL,0,0.000,0.000,5.000,0.000,0.000,0.000,0.000,N/A
12,28.819,NODE,0,-5.025,-4.893,3.000,-0.129,0.561,0.000,0.576,zone=0 dist=0.10m
12,28.819,NODE,1,5.025,-4.893,3.000,0.128,0.563,0.000,0.577,zone=1 dist=0.10m
12,28.819,NODE,2,-4.922,4.922,3.000,0.409,-0.407,0.000,0.577,zone=2 dist=0.10m
12,28.819,NODE,3,4.922,4.922,3.000,-0.409,-0.407,0.000,0.577,zone=3 dist=0.10m
12,28.819,SCOUT,0,-3.517,-4.927,3.000,-0.118,0.510,0.000,0.523,cmd_age=0.02s bat=1.00 dist=0.07m
12,28.819,SCOUT,1,-5.017,-3.427,3.000,-0.118,0.510,0.000,0.523,cmd_age=0.02s bat=1.00 dist=0.07m
12,28.819,SCOUT,2,-6.517,-4.927,3.000,-0.118,0.510,0.000,0.523,cmd_age=0.02s bat=1.00 dist=0.07m
12,28.819,SCOUT,3,-5.017,-6.427,3.000,-0.118,0.510,0.000,0.523,cmd_age=0.02s bat=1.00 dist=0.07m
12,28.819,SCOUT,4,6.517,-4.927,3.000,0.118,0.510,0.000,0.524,cmd_age=0.02s bat=1.00 dist=0.07m
12,28.819,SCOUT,5,5.017,-3.427,3.000,0.118,0.510,0.000,0.524,cmd_age=0.02s bat=1.00 dist=0.07m
12,28.819,SCOUT,6,3.517,-4.927,3.000,0.118,0.510,0.000,0.524,cmd_age=0.02s bat=1.00 dist=0.07m
12,28.819,SCOUT,7,5.017,-6.427,3.000,0.118,0.510,0.000,0.524,cmd_age=0.02s bat=1.00 dist=0.07m
12,28.819,SCOUT,8,-3.447,4.947,3.000,0.370,-0.369,0.000,0.523,cmd_age=0.02s bat=1.00 dist=0.07m
12,28.819,SCOUT,9,-4.947,6.447,3.000,0.370,-0.369,0.000,0.523,cmd_age=0.02s bat=1.00 dist=0.07m
12,28.819,SCOUT,10,-6.447,4.947,3.000,0.370,-0.369,0.000,0.523,cmd_age=0.02s bat=1.00 dist=0.07m
12,28.819,SCOUT,11,-4.947,3.447,3.000,0.370,-0.369,0.000,0.523,cmd_age=0.02s bat=1.00 dist=0.07m
12,28.819,SCOUT,12,6.447,4.947,3.000,-0.370,-0.370,0.000,0.523,cmd_age=0.02s bat=1.00 dist=0.07m
12,28.819,SCOUT,13,4.947,6.447,3.000,-0.370,-0.370,0.000,0.523,cmd_age=0.02s bat=1.00 dist=0.07m
12,28.819,SCOUT,14,3.447,4.947,3.000,-0.370,-0.370,0.000,0.523,cmd_age=0.02s bat=1.00 dist=0.07m
12,28.819,SCOUT,15,4.947,3.447,3.000,-0.370,-0.370,0.000,0.523,cmd_age=0.02s bat=1.00 dist=0.07m
12,28.819,WORKER,0,-3.080,-4.793,3.000,-0.589,1.531,0.000,1.641,state=MOVING bat=1.00 dist=0.22m
12,28.819,WORKER,1,7.017,-4.778,3.000,0.126,1.636,0.000,1.641,state=MOVING bat=1.00 dist=0.22m
12,28.819,WORKER,2,-2.856,4.830,3.000,1.060,-1.253,0.000,1.641,state=MOVING bat=1.00 dist=0.22m
12,28.819,WORKER,3,6.832,4.854,3.000,-1.240,-1.075,0.000,1.641,state=MOVING bat=1.00 dist=0.22m
13,30.570,GENERAL,0,0.000,0.000,5.000,0.000,0.000,0.000,0.000,N/A
13,30.570,NODE,0,-5.027,-4.883,3.000,-0.131,0.566,0.000,0.581,zone=0 dist=0.11m
13,30.570,NODE,1,5.027,-4.883,3.000,0.132,0.567,0.000,0.583,zone=1 dist=0.11m
13,30.570,NODE,2,-4.915,4.915,3.000,0.411,-0.410,0.000,0.580,zone=2 dist=0.11m
13,30.570,NODE,3,4.915,4.915,3.000,-0.413,-0.410,0.000,0.582,zone=3 dist=0.11m
13,30.570,SCOUT,0,-3.519,-4.918,3.000,-0.121,0.521,0.000,0.535,cmd_age=0.02s bat=1.00 dist=0.08m
13,30.570,SCOUT,1,-5.019,-3.418,3.000,-0.121,0.521,0.000,0.535,cmd_age=0.02s bat=1.00 dist=0.08m
13,30.570,SCOUT,2,-6.519,-4.918,3.000,-0.121,0.521,0.000,0.535,cmd_age=0.02s bat=1.00 dist=0.08m
13,30.570,SCOUT,3,-5.019,-6.418,3.000,-0.121,0.521,0.000,0.535,cmd_age=0.02s bat=1.00 dist=0.08m
13,30.570,SCOUT,4,6.519,-4.918,3.000,0.121,0.522,0.000,0.535,cmd_age=0.02s bat=1.00 dist=0.08m
13,30.570,SCOUT,5,5.019,-3.418,3.000,0.121,0.522,0.000,0.535,cmd_age=0.02s bat=1.00 dist=0.08m
13,30.570,SCOUT,6,3.519,-4.918,3.000,0.121,0.522,0.000,0.535,cmd_age=0.02s bat=1.00 dist=0.08m
13,30.570,SCOUT,7,5.019,-6.418,3.000,0.121,0.522,0.000,0.535,cmd_age=0.02s bat=1.00 dist=0.08m
13,30.570,SCOUT,8,-3.440,4.941,3.000,0.378,-0.377,0.000,0.534,cmd_age=0.02s bat=1.00 dist=0.08m
13,30.570,SCOUT,9,-4.940,6.441,3.000,0.378,-0.377,0.000,0.534,cmd_age=0.02s bat=1.00 dist=0.08m
13,30.570,SCOUT,10,-6.440,4.941,3.000,0.378,-0.377,0.000,0.534,cmd_age=0.02s bat=1.00 dist=0.08m
13,30.570,SCOUT,11,-4.940,3.441,3.000,0.378,-0.377,0.000,0.534,cmd_age=0.02s bat=1.00 dist=0.08m
13,30.570,SCOUT,12,6.441,4.941,3.000,-0.378,-0.378,0.000,0.535,cmd_age=0.02s bat=1.00 dist=0.08m
13,30.570,SCOUT,13,4.941,6.441,3.000,-0.378,-0.378,0.000,0.535,cmd_age=0.02s bat=1.00 dist=0.08m
13,30.570,SCOUT,14,3.441,4.941,3.000,-0.378,-0.378,0.000,0.535,cmd_age=0.02s bat=1.00 dist=0.08m
13,30.570,SCOUT,15,4.941,3.441,3.000,-0.378,-0.378,0.000,0.535,cmd_age=0.02s bat=1.00 dist=0.08m
13,30.570,WORKER,0,-3.090,-4.766,3.000,-0.606,1.576,0.000,1.689,state=MOVING bat=1.00 dist=0.25m
13,30.570,WORKER,1,7.019,-4.750,3.000,0.130,1.684,0.000,1.689,state=MOVING bat=1.00 dist=0.25m
13,30.570,WORKER,2,-2.838,4.809,3.000,1.091,-1.289,0.000,1.689,state=MOVING bat=1.00 dist=0.25m
13,30.570,WORKER,3,6.811,4.836,3.000,-1.276,-1.106,0.000,1.689,state=MOVING bat=1.00 dist=0.25m
14,32.304,GENERAL,0,0.000,0.000,5.000,0.000,0.000,0.000,0.000,N/A
14,32.304,NODE,0,-5.029,-4.874,3.000,-0.130,0.570,0.000,0.584,zone=0 dist=0.12m
14,32.304,NODE,1,5.029,-4.874,3.000,0.132,0.568,0.000,0.584,zone=1 dist=0.12m
14,32.304,NODE,2,-4.908,4.909,3.000,0.410,-0.413,0.000,0.582,zone=2 dist=0.12m
14,32.304,NODE,3,4.908,4.908,3.000,-0.415,-0.411,0.000,0.584,zone=3 dist=0.12m
14,32.304,SCOUT,0,-3.521,-4.909,3.000,-0.123,0.531,0.000,0.545,cmd_age=0.02s bat=1.00 dist=0.09m
14,32.304,SCOUT,1,-5.021,-3.409,3.000,-0.123,0.531,0.000,0.545,cmd_age=0.02s bat=1.00 dist=0.09m
14,32.304,SCOUT,2,-6.521,-4.909,3.000,-0.123,0.531,0.000,0.545,cmd_age=0.02s bat=1.00 dist=0.09m
14,32.304,SCOUT,3,-5.021,-6.409,3.000,-0.123,0.531,0.000,0.545,cmd_age=0.02s bat=1.00 dist=0.09m
14,32.304,SCOUT,4,6.521,-4.909,3.000,0.123,0.531,0.000,0.545,cmd_age=0.02s bat=1.00 dist=0.09m
14,32.304,SCOUT,5,5.021,-3.409,3.000,0.123,0.531,0.000,0.545,cmd_age=0.02s bat=1.00 dist=0.09m
14,32.304,SCOUT,6,3.521,-4.909,3.000,0.123,0.531,0.000,0.545,cmd_age=0.02s bat=1.00 dist=0.09m
14,32.304,SCOUT,7,5.021,-6.409,3.000,0.123,0.531,0.000,0.545,cmd_age=0.02s bat=1.00 dist=0.09m
14,32.304,SCOUT,8,-3.434,4.934,3.000,0.385,-0.384,0.000,0.544,cmd_age=0.02s bat=1.00 dist=0.09m
14,32.304,SCOUT,9,-4.934,6.434,3.000,0.385,-0.384,0.000,0.544,cmd_age=0.02s bat=1.00 dist=0.09m
14,32.304,SCOUT,10,-6.434,4.934,3.000,0.385,-0.384,0.000,0.544,cmd_age=0.02s bat=1.00 dist=0.09m
14,32.304,SCOUT,11,-4.934,3.434,3.000,0.385,-0.384,0.000,0.544,cmd_age=0.02s bat=1.00 dist=0.09m
14,32.304,SCOUT,12,6.434,4.934,3.000,-0.386,-0.384,0.000,0.545,cmd_age=0.02s bat=1.00 dist=0.09m
14,32.304,SCOUT,13,4.934,6.434,3.000,-0.386,-0.384,0.000,0.545,cmd_age=0.02s bat=1.00 dist=0.09m
14,32.304,SCOUT,14,3.434,4.934,3.000,-0.386,-0.384,0.000,0.545,cmd_age=0.02s bat=1.00 dist=0.09m
14,32.304,SCOUT,15,4.934,3.434,3.000,-0.386,-0.384,0.000,0.545,cmd_age=0.02s bat=1.00 dist=0.09m
14,32.304,WORKER,0,-3.100,-4.739,3.000,-0.621,1.615,0.000,1.730,state=MOVING bat=1.00 dist=0.27m
14,32.304,WORKER,1,7.021,-4.722,3.000,0.133,1.725,0.000,1.730,state=MOVING bat=1.00 dist=0.27m
14,32.304,WORKER,2,-2.820,4.787,3.000,1.118,-1.321,0.000,1.730,state=MOVING bat=1.00 dist=0.27m
14,32.304,WORKER,3,6.789,4.817,3.000,-1.308,-1.133,0.000,1.730,state=MOVING bat=1.00 dist=0.27m
15,33.992,GENERAL,0,0.000,0.000,5.000,0.000,0.000,0.000,0.000,N/A
15,33.992,NODE,0,-5.031,-4.864,3.000,-0.131,0.572,0.000,0.587,zone=0 dist=0.13m
15,33.992,NODE,1,5.031,-4.864,3.000,0.129,0.571,0.000,0.585,zone=1 dist=0.13m
15,33.992,NODE,2,-4.901,4.902,3.000,0.414,-0.414,0.000,0.585,zone=2 dist=0.13m
15,33.992,NODE,3,4.902,4.902,3.000,-0.414,-0.413,0.000,0.585,zone=3 dist=0.13m
15,33.992,SCOUT,0,-3.523,-4.900,3.000,-0.124,0.539,0.000,0.553,cmd_age=0.02s bat=1.00 dist=0.10m
15,33.992,SCOUT,1,-5.023,-3.400,3.000,-0.124,0.539,0.000,0.553,cmd_age=0.02s bat=1.00 dist=0.10m
15,33.992,SCOUT,2,-6.523,-4.900,3.000,-0.124,0.539,0.000,0.553,cmd_age=0.02s bat=1.00 dist=0.10m
15,33.992,SCOUT,3,-5.023,-6.400,3.000,-0.124,0.539,0.000,0.553,cmd_age=0.02s bat=1.00 dist=0.10m
15,33.992,SCOUT,4,6.523,-4.900,3.000,0.124,0.539,0.000,0.553,cmd_age=0.02s bat=1.00 dist=0.10m
15,33.992,SCOUT,5,5.023,-3.400,3.000,0.124,0.539,0.000,0.553,cmd_age=0.02s bat=1.00 dist=0.10m
15,33.992,SCOUT,6,3.523,-4.900,3.000,0.124,0.539,0.000,0.553,cmd_age=0.02s bat=1.00 dist=0.10m
15,33.992,SCOUT,7,5.023,-6.400,3.000,0.124,0.539,0.000,0.553,cmd_age=0.02s bat=1.00 dist=0.10m
15,33.992,SCOUT,8,-3.427,4.928,3.000,0.391,-0.390,0.000,0.552,cmd_age=0.02s bat=1.00 dist=0.10m
15,33.992,SCOUT,9,-4.927,6.428,3.000,0.391,-0.390,0.000,0.552,cmd_age=0.02s bat=1.00 dist=0.10m
15,33.992,SCOUT,10,-6.427,4.928,3.000,0.391,-0.390,0.000,0.552,cmd_age=0.02s bat=1.00 dist=0.10m
15,33.992,SCOUT,11,-4.927,3.428,3.000,0.391,-0.390,0.000,0.552,cmd_age=0.02s bat=1.00 dist=0.10m
15,33.992,SCOUT,12,6.428,4.928,3.000,-0.391,-0.390,0.000,0.553,cmd_age=0.02s bat=1.00 dist=0.10m
15,33.992,SCOUT,13,4.928,6.428,3.000,-0.391,-0.390,0.000,0.553,cmd_age=0.02s bat=1.00 dist=0.10m
15,33.992,SCOUT,14,3.428,4.928,3.000,-0.391,-0.390,0.000,0.553,cmd_age=0.02s bat=1.00 dist=0.10m
15,33.992,SCOUT,15,4.928,3.428,3.000,-0.391,-0.390,0.000,0.553,cmd_age=0.02s bat=1.00 dist=0.10m
15,33.992,WORKER,0,-3.111,-4.712,3.000,-0.634,1.648,0.000,1.766,state=MOVING bat=1.00 dist=0.30m
15,33.992,WORKER,1,7.024,-4.692,3.000,0.135,1.761,0.000,1.766,state=MOVING bat=1.00 dist=0.30m
15,33.992,WORKER,2,-2.801,4.764,3.000,1.141,-1.348,0.000,1.766,state=MOVING bat=1.00 dist=0.30m
15,33.992,WORKER,3,6.767,4.798,3.000,-1.335,-1.157,0.000,1.766,state=MOVING bat=1.00 dist=0.30m
16,35.671,GENERAL,0,0.000,0.000,5.000,0.000,0.000,0.000,0.000,N/A
16,35.671,NODE,0,-5.034,-4.855,3.000,-0.133,0.573,0.000,0.588,zone=0 dist=0.14m
16,35.671,NODE,1,5.033,-4.855,3.000,0.132,0.575,0.000,0.590,zone=1 dist=0.14m
16,35.671,NODE,2,-4.895,4.895,3.000,0.416,-0.414,0.000,0.587,zone=2 dist=0.14m
16,35.671,NODE,3,4.895,4.895,3.000,-0.418,-0.416,0.000,0.590,zone=3 dist=0.14m
16,35.671,SCOUT,0,-3.525,-4.891,3.000,-0.126,0.546,0.000,0.560,cmd_age=0.02s bat=1.00 dist=0.11m
16,35.671,SCOUT,1,-5.025,-3.391,3.000,-0.126,0.546,0.000,0.560,cmd_age=0.02s bat=1.00 dist=0.11m
16,35.671,SCOUT,2,-6.525,-4.891,3.000,-0.126,0.546,0.000,0.560,cmd_age=0.02s bat=1.00 dist=0.11m
16,35.671,SCOUT,3,-5.025,-6.391,3.000,-0.126,0.546,0.000,0.560,cmd_age=0.02s bat=1.00 dist=0.11m
16,35.671,SCOUT,4,6.525,-4.891,3.000,0.126,0.546,0.000,0.560,cmd_age=0.02s bat=1.00 dist=0.11m
16,35.671,SCOUT,5,5.025,-3.391,3.000,0.126,0.546,0.000,0.560,cmd_age=0.02s bat=1.00 dist=0.11m
16,35.671,SCOUT,6,3.525,-4.891,3.000,0.126,0.546,0.000,0.560,cmd_age=0.02s bat=1.00 dist=0.11m
16,35.671,SCOUT,7,5.025,-6.391,3.000,0.126,0.546,0.000,0.560,cmd_age=0.02s bat=1.00 dist=0.11m
16,35.671,SCOUT,8,-3.421,4.921,3.000,0.396,-0.395,0.000,0.559,cmd_age=0.02s bat=1.00 dist=0.11m
16,35.671,SCOUT,9,-4.921,6.421,3.000,0.396,-0.395,0.000,0.559,cmd_age=0.02s bat=1.00 dist=0.11m
16,35.671,SCOUT,10,-6.421,4.921,3.000,0.396,-0.395,0.000,0.559,cmd_age=0.02s bat=1.00 dist=0.11m
16,35.671,SCOUT,11,-4.921,3.421,3.000,0.396,-0.395,0.000,0.559,cmd_age=0.02s bat=1.00 dist=0.11m
16,35.671,SCOUT,12,6.421,4.921,3.000,-0.397,-0.395,0.000,0.560,cmd_age=0.02s bat=1.00 dist=0.11m
16,35.671,SCOUT,13,4.921,6.421,3.000,-0.397,-0.395,0.000,0.560,cmd_age=0.02s bat=1.00 dist=0.11m
16,35.671,SCOUT,14,3.421,4.921,3.000,-0.397,-0.395,0.000,0.560,cmd_age=0.02s bat=1.00 dist=0.11m
16,35.671,SCOUT,15,4.921,3.421,3.000,-0.397,-0.395,0.000,0.560,cmd_age=0.02s bat=1.00 dist=0.11m
16,35.671,WORKER,0,-3.122,-4.684,3.000,-0.645,1.678,0.000,1.797,state=MOVING bat=1.00 dist=0.33m
16,35.671,WORKER,1,7.026,-4.662,3.000,0.138,1.792,0.000,1.797,state=MOVING bat=1.00 dist=0.33m
16,35.671,WORKER,2,-2.781,4.742,3.000,1.161,-1.372,0.000,1.797,state=MOVING bat=1.00 dist=0.33m
16,35.671,WORKER,3,6.744,4.778,3.000,-1.358,-1.177,0.000,1.797,state=MOVING bat=1.00 dist=0.33m
17,37.352,GENERAL,0,0.000,0.000,5.000,0.000,0.000,0.000,0.000,N/A
17,37.352,NODE,0,-5.036,-4.845,3.000,-0.132,0.577,0.000,0.592,zone=0 dist=0.15m
17,37.352,NODE,1,5.036,-4.845,3.000,0.135,0.576,0.000,0.592,zone=1 dist=0.15m
17,37.352,NODE,2,-4.888,4.888,3.000,0.417,-0.419,0.000,0.591,zone=2 dist=0.15m
17,37.352,NODE,3,4.888,4.888,3.000,-0.416,-0.419,0.000,0.591,zone=3 dist=0.15m
17,37.352,SCOUT,0,-3.527,-4.882,3.000,-0.127,0.552,0.000,0.566,cmd_age=0.02s bat=1.00 dist=0.12m
17,37.352,SCOUT,1,-5.027,-3.382,3.000,-0.127,0.552,0.000,0.566,cmd_age=0.02s bat=1.00 dist=0.12m
17,37.352,SCOUT,2,-6.527,-4.882,3.000,-0.127,0.552,0.000,0.566,cmd_age=0.02s bat=1.00 dist=0.12m
17,37.352,SCOUT,3,-5.027,-6.382,3.000,-0.127,0.552,0.000,0.566,cmd_age=0.02s bat=1.00 dist=0.12m
17,37.352,SCOUT,4,6.527,-4.882,3.000,0.127,0.552,0.000,0.567,cmd_age=0.02s bat=1.00 dist=0.12m
17,37.352,SCOUT,5,5.027,-3.382,3.000,0.127,0.552,0.000,0.567,cmd_age=0.02s bat=1.00 dist=0.12m
17,37.352,SCOUT,6,3.527,-4.882,3.000,0.127,0.552,0.000,0.567,cmd_age=0.02s bat=1.00 dist=0.12m
17,37.352,SCOUT,7,5.027,-6.382,3.000,0.127,0.552,0.000,0.567,cmd_age=0.02s bat=1.00 dist=0.12m
17,37.352,SCOUT,8,-3.414,4.914,3.000,0.400,-0.400,0.000,0.566,cmd_age=0.02s bat=1.00 dist=0.12m
17,37.352,SCOUT,9,-4.914,6.414,3.000,0.400,-0.400,0.000,0.566,cmd_age=0.02s bat=1.00 dist=0.12m
17,37.352,SCOUT,10,-6.414,4.914,3.000,0.400,-0.400,0.000,0.566,cmd_age=0.02s bat=1.00 dist=0.12m
17,37.352,SCOUT,11,-4.914,3.414,3.000,0.400,-0.400,0.000,0.566,cmd_age=0.02s bat=1.00 dist=0.12m
17,37.352,SCOUT,12,6.414,4.914,3.000,-0.401,-0.400,0.000,0.566,cmd_age=0.02s bat=1.00 dist=0.12m
17,37.352,SCOUT,13,4.914,6.414,3.000,-0.401,-0.400,0.000,0.566,cmd_age=0.02s bat=1.00 dist=0.12m
17,37.352,SCOUT,14,3.414,4.914,3.000,-0.401,-0.400,0.000,0.566,cmd_age=0.02s bat=1.00 dist=0.12m
17,37.352,SCOUT,15,4.914,3.414,3.000,-0.401,-0.400,0.000,0.566,cmd_age=0.02s bat=1.00 dist=0.12m
17,37.352,WORKER,0,-3.132,-4.656,3.000,-0.655,1.703,0.000,1.824,state=MOVING bat=1.00 dist=0.36m
17,37.352,WORKER,1,7.028,-4.632,3.000,0.140,1.819,0.000,1.824,state=MOVING bat=1.00 dist=0.36m
17,37.352,WORKER,2,-2.762,4.718,3.000,1.178,-1.393,0.000,1.824,state=MOVING bat=1.00 dist=0.36m
17,37.352,WORKER,3,6.721,4.758,3.000,-1.379,-1.195,0.000,1.824,state=MOVING bat=1.00 dist=0.36m
18,39.091,GENERAL,0,0.000,0.000,5.000,0.000,0.000,0.000,0.000,N/A
18,39.091,NODE,0,-5.038,-4.836,3.000,-0.134,0.579,0.000,0.594,zone=0 dist=0.16m
18,39.091,NODE,1,5.038,-4.835,3.000,0.132,0.577,0.000,0.592,zone=1 dist=0.16m
18,39.091,NODE,2,-4.881,4.881,3.000,0.419,-0.417,0.000,0.591,zone=2 dist=0.16m
18,39.091,NODE,3,4.881,4.881,3.000,-0.419,-0.421,0.000,0.594,zone=3 dist=0.16m
18,39.091,SCOUT,0,-3.529,-4.873,3.000,-0.128,0.557,0.000,0.572,cmd_age=0.02s bat=1.00 dist=0.13m
18,39.091,SCOUT,1,-5.029,-3.373,3.000,-0.128,0.557,0.000,0.572,cmd_age=0.02s bat=1.00 dist=0.13m
18,39.091,SCOUT,2,-6.529,-4.873,3.000,-0.128,0.557,0.000,0.572,cmd_age=0.02s bat=1.00 dist=0.13m
18,39.091,SCOUT,3,-5.029,-6.373,3.000,-0.128,0.557,0.000,0.572,cmd_age=0.02s bat=1.00 dist=0.13m
18,39.091,SCOUT,4,6.529,-4.873,3.000,0.128,0.557,0.000,0.572,cmd_age=0.02s bat=1.00 dist=0.13m
18,39.091,SCOUT,5,5.029,-3.373,3.000,0.128,0.557,0.000,0.572,cmd_age=0.02s bat=1.00 dist=0.13m
18,39.091,SCOUT,6,3.529,-4.873,3.000,0.128,0.557,0.000,0.572,cmd_age=0.02s bat=1.00 dist=0.13m
18,39.091,SCOUT,7,5.029,-6.373,3.000,0.128,0.557,0.000,0.572,cmd_age=0.02s bat=1.00 dist=0.13m
18,39.091,SCOUT,8,-3.407,4.908,3.000,0.404,-0.403,0.000,0.571,cmd_age=0.02s bat=1.00 dist=0.13m
18,39.091,SCOUT,9,-4.907,6.408,3.000,0.404,-0.403,0.000,0.571,cmd_age=0.02s bat=1.00 dist=0.13m
18,39.091,SCOUT,10,-6.407,4.908,3.000,0.404,-0.403,0.000,0.571,cmd_age=0.02s bat=1.00 dist=0.13m
18,39.091,SCOUT,11,-4.907,3.408,3.000,0.404,-0.403,0.000,0.571,cmd_age=0.02s bat=1.00 dist=0.13m
18,39.091,SCOUT,12,6.408,4.908,3.000,-0.404,-0.404,0.000,0.572,cmd_age=0.02s bat=1.00 dist=0.13m
18,39.091,SCOUT,13,4.908,6.408,3.000,-0.404,-0.404,0.000,0.572,cmd_age=0.02s bat=1.00 dist=0.13m
18,39.091,SCOUT,14,3.408,4.908,3.000,-0.404,-0.404,0.000,0.572,cmd_age=0.02s bat=1.00 dist=0.13m
18,39.091,SCOUT,15,4.908,3.408,3.000,-0.404,-0.404,0.000,0.572,cmd_age=0.02s bat=1.00 dist=0.13m
18,39.091,WORKER,0,-3.144,-4.627,3.000,-0.663,1.725,0.000,1.848,state=MOVING bat=1.00 dist=0.40m
18,39.091,WORKER,1,7.031,-4.601,3.000,0.142,1.842,0.000,1.848,state=MOVING bat=1.00 dist=0.40m
18,39.091,WORKER,2,-2.742,4.695,3.000,1.194,-1.411,0.000,1.848,state=MOVING bat=1.00 dist=0.40m
18,39.091,WORKER,3,6.698,4.738,3.000,-1.396,-1.210,0.000,1.848,state=MOVING bat=1.00 dist=0.40m
19,40.855,GENERAL,0,0.000,0.000,5.000,0.000,0.000,0.000,0.000,N/A
19,40.855,NODE,0,-5.040,-4.826,3.000,-0.131,0.577,0.000,0.592,zone=0 dist=0.17m
19,40.855,NODE,1,5.040,-4.826,3.000,0.133,0.578,0.000,0.593,zone=1 dist=0.17m
19,40.855,NODE,2,-4.874,4.874,3.000,0.419,-0.419,0.000,0.593,zone=2 dist=0.17m
19,40.855,NODE,3,4.874,4.874,3.000,-0.419,-0.418,0.000,0.592,zone=3 dist=0.17m
19,40.855,SCOUT,0,-3.532,-4.863,3.000,-0.129,0.561,0.000,0.576,cmd_age=0.02s bat=1.00 dist=0.14m
19,40.855,SCOUT,1,-5.032,-3.363,3.000,-0.129,0.561,0.000,0.576,cmd_age=0.02s bat=1.00 dist=0.14m
19,40.855,SCOUT,2,-6.532,-4.863,3.000,-0.129,0.561,0.000,0.576,cmd_age=0.02s bat=1.00 dist=0.14m
19,40.855,SCOUT,3,-5.032,-6.363,3.000,-0.129,0.561,0.000,0.576,cmd_age=0.02s bat=1.00 dist=0.14m
19,40.855,SCOUT,4,6.532,-4.863,3.000,0.129,0.561,0.000,0.576,cmd_age=0.02s bat=1.00 dist=0.14m
19,40.855,SCOUT,5,5.032,-3.363,3.000,0.129,0.561,0.000,0.576,cmd_age=0.02s bat=1.00 dist=0.14m
19,40.855,SCOUT,6,3.532,-4.863,3.000,0.129,0.561,0.000,0.576,cmd_age=0.02s bat=1.00 dist=0.14m
19,40.855,SCOUT,7,5.032,-6.363,3.000,0.129,0.561,0.000,0.576,cmd_age=0.02s bat=1.00 dist=0.14m
19,40.855,SCOUT,8,-3.401,4.901,3.000,0.407,-0.406,0.000,0.575,cmd_age=0.02s bat=1.00 dist=0.14m
19,40.855,SCOUT,9,-4.901,6.401,3.000,0.407,-0.406,0.000,0.575,cmd_age=0.02s bat=1.00 dist=0.14m
19,40.855,SCOUT,10,-6.401,4.901,3.000,0.407,-0.406,0.000,0.575,cmd_age=0.02s bat=1.00 dist=0.14m
19,40.855,SCOUT,11,-4.901,3.401,3.000,0.407,-0.406,0.000,0.575,cmd_age=0.02s bat=1.00 dist=0.14m
19,40.855,SCOUT,12,6.401,4.901,3.000,-0.407,-0.407,0.000,0.576,cmd_age=0.02s bat=1.00 dist=0.14m
19,40.855,SCOUT,13,4.901,6.401,3.000,-0.407,-0.407,0.000,0.576,cmd_age=0.02s bat=1.00 dist=0.14m
19,40.855,SCOUT,14,3.401,4.901,3.000,-0.407,-0.407,0.000,0.576,cmd_age=0.02s bat=1.00 dist=0.14m
19,40.855,SCOUT,15,4.901,3.401,3.000,-0.407,-0.407,0.000,0.576,cmd_age=0.02s bat=1.00 dist=0.14m
19,40.855,WORKER,0,-3.155,-4.598,3.000,-0.671,1.744,0.000,1.868,state=MOVING bat=1.00 dist=0.43m
19,40.855,WORKER,1,7.033,-4.570,3.000,0.143,1.863,0.000,1.868,state=MOVING bat=1.00 dist=0.43m
19,40.855,WORKER,2,-2.722,4.671,3.000,1.207,-1.426,0.000,1.868,state=MOVING bat=1.00 dist=0.43m
19,40.855,WORKER,3,6.674,4.718,3.000,-1.412,-1.223,0.000,1.868,state=MOVING bat=1.00 dist=0.43m
20,42.724,GENERAL,0,0.000,0.000,5.000,0.000,0.000,0.000,0.000,N/A
20,42.724,NODE,0,-5.042,-4.816,3.000,-0.132,0.580,0.000,0.595,zone=0 dist=0.18m
20,42.724,NODE,1,5.042,-4.816,3.000,0.134,0.580,0.000,0.595,zone=1 dist=0.18m
20,42.724,NODE,2,-4.867,4.867,3.000,0.420,-0.418,0.000,0.592,zone=2 dist=0.18m
20,42.724,NODE,3,4.867,4.867,3.000,-0.422,-0.419,0.000,0.595,zone=3 dist=0.18m
20,42.724,SCOUT,0,-3.534,-4.854,3.000,-0.130,0.565,0.000,0.580,cmd_age=0.02s bat=1.00 dist=0.15m
20,42.724,SCOUT,1,-5.034,-3.354,3.000,-0.130,0.565,0.000,0.580,cmd_age=0.02s bat=1.00 dist=0.15m
20,42.724,SCOUT,2,-6.534,-4.854,3.000,-0.130,0.565,0.000,0.580,cmd_age=0.02s bat=1.00 dist=0.15m
20,42.724,SCOUT,3,-5.034,-6.354,3.000,-0.130,0.565,0.000,0.580,cmd_age=0.02s bat=1.00 dist=0.15m
20,42.724,SCOUT,4,6.534,-4.854,3.000,0.130,0.565,0.000,0.580,cmd_age=0.02s bat=1.00 dist=0.15m
20,42.724,SCOUT,5,5.034,-3.354,3.000,0.130,0.565,0.000,0.580,cmd_age=0.02s bat=1.00 dist=0.15m
20,42.724,SCOUT,6,3.534,-4.854,3.000,0.130,0.565,0.000,0.580,cmd_age=0.02s bat=1.00 dist=0.15m
20,42.724,SCOUT,7,5.034,-6.354,3.000,0.130,0.565,0.000,0.580,cmd_age=0.02s bat=1.00 dist=0.15m
20,42.724,SCOUT,8,-3.394,4.894,3.000,0.410,-0.409,0.000,0.579,cmd_age=0.02s bat=1.00 dist=0.15m
20,42.724,SCOUT,9,-4.894,6.394,3.000,0.410,-0.409,0.000,0.579,cmd_age=0.02s bat=1.00 dist=0.15m
20,42.724,SCOUT,10,-6.394,4.894,3.000,0.410,-0.409,0.000,0.579,cmd_age=0.02s bat=1.00 dist=0.15m
20,42.724,SCOUT,11,-4.894,3.394,3.000,0.410,-0.409,0.000,0.579,cmd_age=0.02s bat=1.00 dist=0.15m
20,42.724,SCOUT,12,6.394,4.894,3.000,-0.410,-0.409,0.000,0.580,cmd_age=0.02s bat=1.00 dist=0.15m
20,42.724,SCOUT,13,4.894,6.394,3.000,-0.410,-0.409,0.000,0.580,cmd_age=0.02s bat=1.00 dist=0.15m
20,42.724,SCOUT,14,3.394,4.894,3.000,-0.410,-0.409,0.000,0.580,cmd_age=0.02s bat=1.00 dist=0.15m
20,42.724,SCOUT,15,4.894,3.394,3.000,-0.410,-0.409,0.000,0.580,cmd_age=0.02s bat=1.00 dist=0.15m
20,42.724,WORKER,0,-3.166,-4.568,3.000,-0.677,1.760,0.000,1.886,state=MOVING bat=1.00 dist=0.46m
20,42.724,WORKER,1,7.035,-4.539,3.000,0.145,1.880,0.000,1.886,state=MOVING bat=1.00 dist=0.46m
20,42.724,WORKER,2,-2.701,4.647,3.000,1.218,-1.440,0.000,1.886,state=MOVING bat=1.00 dist=0.46m
20,42.724,WORKER,3,6.651,4.697,3.000,-1.425,-1.235,0.000,1.886,state=MOVING bat=1.00 dist=0.46m
