frame,tier,agent_idx,x,y,z
0,general,0,0.0000,0.0000,5.0000
0,nodes,0,-5.0000,-5.0000,3.0000
0,nodes,1,5.0000,-5.0000,3.0000
0,nodes,2,-5.0000,5.0000,3.0000
0,nodes,3,5.0000,5.0000,3.0000
0,scouts,0,-3.5000,-5.0000,3.0000
0,scouts,1,-5.0000,-3.5000,3.0000
0,scouts,2,-6.5000,-5.0000,3.0000
0,scouts,3,-5.0000,-6.5000,3.0000
0,scouts,4,6.5000,-5.0000,3.0000
0,scouts,5,5.0000,-3.5000,3.0000
0,scouts,6,3.5000,-5.0000,3.0000
0,scouts,7,5.0000,-6.5000,3.0000
0,scouts,8,-3.5000,5.0000,3.0000
0,scouts,9,-5.0000,6.5000,3.0000
0,scouts,10,-6.5000,5.0000,3.0000
0,scouts,11,-5.0000,3.5000,3.0000
0,scouts,12,6.5000,5.0000,3.0000
0,scouts,13,5.0000,6.5000,3.0000
0,scouts,14,3.5000,5.0000,3.0000
0,scouts,15,5.0000,3.5000,3.0000
0,workers,0,-3.0000,-5.0000,3.0000
0,workers,1,7.0000,-5.0000,3.0000
0,workers,2,-3.0000,5.0000,3.0000
0,workers,3,7.0000,5.0000,3.0000
1,general,0,0.0000,0.0000,5.0000
1,nodes,0,-5.0003,-4.9965,3.0000
1,nodes,1,4.9968,-5.0013,3.0000
1,nodes,2,-4.9988,5.0033,3.0000
1,nodes,3,4.9977,4.9975,3.0000
1,scouts,0,-3.5000,-4.9995,3.0000
1,scouts,1,-5.0000,-3.4995,3.0000
1,scouts,2,-6.5000,-4.9995,3.0000
1,scouts,3,-5.0000,-6.4995,3.0000
1,scouts,4,6.4996,-5.0002,3.0000
1,scouts,5,4.9996,-3.5002,3.0000
1,scouts,6,3.4996,-5.0002,3.0000
1,scouts,7,4.9996,-6.5002,3.0000
1,scouts,8,-3.4998,5.0004,3.0000
1,scouts,9,-4.9998,6.5004,3.0000
1,scouts,10,-6.4998,5.0004,3.0000
1,scouts,11,-4.9998,3.5004,3.0000
1,scouts,12,6.4997,4.9997,3.0000
1,scouts,13,4.9997,6.4997,3.0000
1,scouts,14,3.4997,4.9997,3.0000
1,scouts,15,4.9997,3.4997,3.0000
1,workers,0,-3.0000,-5.0000,3.0000
1,workers,1,7.0000,-5.0000,3.0000
1,workers,2,-3.0000,5.0000,3.0000
1,workers,3,7.0000,5.0000,3.0000
2,general,0,0.0000,0.0000,5.0000
2,nodes,0,-5.0001,-4.9993,3.0000
2,nodes,1,4.9993,-5.0002,3.0000
2,nodes,2,-4.9998,5.0006,3.0000
2,nodes,3,4.9996,4.9995,3.0000
2,scouts,0,-3.5000,-4.9995,3.0000
2,scouts,1,-5.0000,-3.4995,3.0000
2,scouts,2,-6.5000,-4.9995,3.0000
2,scouts,3,-5.0000,-6.4995,3.0000
2,scouts,4,6.4995,-5.0002,3.0000
2,scouts,5,4.9995,-3.5002,3.0000
2,scouts,6,3.4995,-5.0002,3.0000
2,scouts,7,4.9995,-6.5002,3.0000
2,scouts,8,-3.4998,5.0005,3.0000
2,scouts,9,-4.9998,6.5005,3.0000
2,scouts,10,-6.4998,5.0005,3.0000
2,scouts,11,-4.9998,3.5005,3.0000
2,scouts,12,6.4997,4.9996,3.0000
2,scouts,13,4.9997,6.4996,3.0000
2,scouts,14,3.4997,4.9996,3.0000
2,scouts,15,4.9997,3.4996,3.0000
2,workers,0,-3.0000,-5.0000,3.0000
2,workers,1,7.0000,-5.0000,3.0000
2,workers,2,-3.0000,5.0000,3.0000
2,workers,3,7.0000,5.0000,3.0000
3,general,0,0.0000,0.0000,5.0000
3,nodes,0,-4.9997,-5.0032,3.0000
3,nodes,1,5.0031,-4.9989,3.0000
3,nodes,2,-5.0011,4.9969,3.0000
3,nodes,3,5.0022,5.0025,3.0000
3,scouts,0,-3.5000,-5.0000,3.0000
3,scouts,1,-5.0000,-3.5000,3.0000
3,scouts,2,-6.5000,-5.0000,3.0000
3,scouts,3,-5.0000,-6.5000,3.0000
3,scouts,4,6.5000,-5.0000,3.0000
3,scouts,5,5.0000,-3.5000,3.0000
3,scouts,6,3.5000,-5.0000,3.0000
3,scouts,7,5.0000,-6.5000,3.0000
3,scouts,8,-3.5000,5.0000,3.0000
3,scouts,9,-5.0000,6.5000,3.0000
3,scouts,10,-6.5000,5.0000,3.0000
3,scouts,11,-5.0000,3.5000,3.0000
3,scouts,12,6.5000,5.0000,3.0000
3,scouts,13,5.0000,6.5000,3.0000
3,scouts,14,3.5000,5.0000,3.0000
3,scouts,15,5.0000,3.5000,3.0000
3,workers,0,-3.0000,-5.0000,3.0000
3,workers,1,7.0000,-5.0000,3.0000
3,workers,2,-3.0000,5.0000,3.0000
3,workers,3,7.0000,5.0000,3.0000
4,general,0,0.0000,0.0000,5.0000
4,nodes,0,-4.9999,-5.0004,3.0000
4,nodes,1,5.0005,-4.9998,3.0000
4,nodes,2,-5.0002,4.9995,3.0000
4,nodes,3,5.0004,5.0004,3.0000
4,scouts,0,-3.5000,-5.0001,3.0000
4,scouts,1,-5.0000,-3.5001,3.0000
4,scouts,2,-6.5000,-5.0001,3.0000
4,scouts,3,-5.0000,-6.5001,3.0000
4,scouts,4,6.5001,-5.0000,3.0000
4,scouts,5,5.0001,-3.5000,3.0000
4,scouts,6,3.5001,-5.0000,3.0000
4,scouts,7,5.0001,-6.5000,3.0000
4,scouts,8,-3.5000,4.9999,3.0000
4,scouts,9,-5.0000,6.4999,3.0000
4,scouts,10,-6.5000,4.9999,3.0000
4,scouts,11,-5.0000,3.4999,3.0000
4,scouts,12,6.5001,5.0001,3.0000
4,scouts,13,5.0001,6.5001,3.0000
4,scouts,14,3.5001,5.0001,3.0000
4,scouts,15,5.0001,3.5001,3.0000
4,workers,0,-3.0000,-5.0000,3.0000
4,workers,1,7.0000,-5.0000,3.0000
4,workers,2,-3.0000,5.0000,3.0000
4,workers,3,7.0000,5.0000,3.0000
5,general,0,0.0000,0.0000,5.0000
5,nodes,0,-5.0006,-4.9965,3.0000
5,nodes,1,4.9968,-5.0012,3.0000
5,nodes,2,-4.9986,5.0031,3.0000
5,nodes,3,4.9978,4.9974,3.0000
5,scouts,0,-3.5001,-4.9996,3.0000
5,scouts,1,-5.0001,-3.4996,3.0000
5,scouts,2,-6.5001,-4.9996,3.0000
5,scouts,3,-5.0001,-6.4996,3.0000
5,scouts,4,6.4996,-5.0001,3.0000
5,scouts,5,4.9996,-3.5001,3.0000
5,scouts,6,3.4996,-5.0001,3.0000
5,scouts,7,4.9996,-6.5001,3.0000
5,scouts,8,-3.4999,5.0003,3.0000
5,scouts,9,-4.9999,6.5003,3.0000
5,scouts,10,-6.4999,5.0003,3.0000
5,scouts,11,-4.9999,3.5003,3.0000
5,scouts,12,6.4998,4.9997,3.0000
5,scouts,13,4.9998,6.4997,3.0000
5,scouts,14,3.4998,4.9997,3.0000
5,scouts,15,4.9998,3.4997,3.0000
5,workers,0,-3.0000,-5.0000,3.0000
5,workers,1,7.0000,-5.0000,3.0000
5,workers,2,-3.0000,5.0000,3.0000
5,workers,3,7.0000,5.0000,3.0000
6,general,0,0.0000,0.0000,5.0000
6,nodes,0,-5.0001,-4.9993,3.0000
6,nodes,1,4.9994,-5.0002,3.0000
6,nodes,2,-4.9998,5.0005,3.0000
6,nodes,3,4.9996,4.9995,3.0000
6,scouts,0,-3.5001,-4.9995,3.0000
6,scouts,1,-5.0001,-3.4995,3.0000
6,scouts,2,-6.5001,-4.9995,3.0000
6,scouts,3,-5.0001,-6.4995,3.0000
6,scouts,4,6.4996,-5.0002,3.0000
6,scouts,5,4.9996,-3.5002,3.0000
6,scouts,6,3.4996,-5.0002,3.0000
6,scouts,7,4.9996,-6.5002,3.0000
6,scouts,8,-3.4998,5.0004,3.0000
6,scouts,9,-4.9998,6.5004,3.0000
6,scouts,10,-6.4998,5.0004,3.0000
6,scouts,11,-4.9998,3.5004,3.0000
6,scouts,12,6.4997,4.9997,3.0000
6,scouts,13,4.9997,6.4997,3.0000
6,scouts,14,3.4997,4.9997,3.0000
6,scouts,15,4.9997,3.4997,3.0000
6,workers,0,-3.0000,-5.0000,3.0000
6,workers,1,7.0000,-5.0000,3.0000
6,workers,2,-3.0000,5.0000,3.0000
6,workers,3,7.0000,5.0000,3.0000
7,general,0,0.0000,0.0000,5.0000
7,nodes,0,-4.9995,-5.0031,3.0000
7,nodes,1,5.0031,-4.9989,3.0000
7,nodes,2,-5.0013,4.9970,3.0000
7,nodes,3,5.0020,5.0026,3.0000
7,scouts,0,-3.5000,-5.0000,3.0000
7,scouts,1,-5.0000,-3.5000,3.0000
7,scouts,2,-6.5000,-5.0000,3.0000
7,scouts,3,-5.0000,-6.5000,3.0000
7,scouts,4,6.5001,-5.0000,3.0000
7,scouts,5,5.0001,-3.5000,3.0000
7,scouts,6,3.5001,-5.0000,3.0000
7,scouts,7,5.0001,-6.5000,3.0000
7,scouts,8,-3.5000,4.9999,3.0000
7,scouts,9,-5.0000,6.4999,3.0000
7,scouts,10,-6.5000,4.9999,3.0000
7,scouts,11,-5.0000,3.4999,3.0000
7,scouts,12,6.5000,5.0001,3.0000
7,scouts,13,5.0000,6.5001,3.0000
7,scouts,14,3.5000,5.0001,3.0000
7,scouts,15,5.0000,3.5001,3.0000
7,workers,0,-3.0000,-5.0000,3.0000
7,workers,1,7.0000,-5.0000,3.0000
7,workers,2,-3.0000,5.0000,3.0000
7,workers,3,7.0000,5.0000,3.0000
8,general,0,0.0000,0.0000,5.0000
8,nodes,0,-5.0000,-5.0004,3.0000
8,nodes,1,5.0005,-4.9998,3.0000
8,nodes,2,-5.0002,4.9995,3.0000
8,nodes,3,5.0003,5.0004,3.0000
8,scouts,0,-3.5000,-5.0001,3.0000
8,scouts,1,-5.0000,-3.5001,3.0000
8,scouts,2,-6.5000,-5.0001,3.0000
8,scouts,3,-5.0000,-6.5001,3.0000
8,scouts,4,6.5001,-5.0000,3.0000
8,scouts,5,5.0001,-3.5000,3.0000
8,scouts,6,3.5001,-5.0000,3.0000
8,scouts,7,5.0001,-6.5000,3.0000
8,scouts,8,-3.5001,4.9998,3.0000
8,scouts,9,-5.0001,6.4998,3.0000
8,scouts,10,-6.5001,4.9998,3.0000
8,scouts,11,-5.0001,3.4998,3.0000
8,scouts,12,6.5001,5.0001,3.0000
8,scouts,13,5.0001,6.5001,3.0000
8,scouts,14,3.5001,5.0001,3.0000
8,scouts,15,5.0001,3.5001,3.0000
8,workers,0,-3.0000,-5.0000,3.0000
8,workers,1,7.0000,-5.0000,3.0000
8,workers,2,-3.0000,5.0000,3.0000
8,workers,3,7.0000,5.0000,3.0000
9,general,0,0.0000,0.0000,5.0000
9,nodes,0,-5.0003,-4.9965,3.0000
9,nodes,1,4.9969,-5.0012,3.0000
9,nodes,2,-4.9986,5.0031,3.0000
9,nodes,3,4.9980,4.9972,3.0000
9,scouts,0,-3.5000,-4.9996,3.0000
9,scouts,1,-5.0000,-3.4996,3.0000
9,scouts,2,-6.5000,-4.9996,3.0000
9,scouts,3,-5.0000,-6.4996,3.0000
9,scouts,4,6.4997,-5.0001,3.0000
9,scouts,5,4.9997,-3.5001,3.0000
9,scouts,6,3.4997,-5.0001,3.0000
9,scouts,7,4.9997,-6.5001,3.0000
9,scouts,8,-3.4999,5.0003,3.0000
9,scouts,9,-4.9999,6.5003,3.0000
9,scouts,10,-6.4999,5.0003,3.0000
9,scouts,11,-4.9999,3.5003,3.0000
9,scouts,12,6.4998,4.9997,3.0000
9,scouts,13,4.9998,6.4997,3.0000
9,scouts,14,3.4998,4.9997,3.0000
9,scouts,15,4.9998,3.4997,3.0000
9,workers,0,-3.0000,-5.0000,3.0000
9,workers,1,7.0000,-5.0000,3.0000
9,workers,2,-3.0000,5.0000,3.0000
9,workers,3,7.0000,5.0000,3.0000
10,general,0,0.0000,0.0000,5.0000
10,nodes,0,-5.0001,-4.9992,3.0000
10,nodes,1,4.9994,-5.0002,3.0000
10,nodes,2,-4.9997,5.0006,3.0000
10,nodes,3,4.9996,4.9995,3.0000
10,scouts,0,-3.5000,-4.9995,3.0000
10,scouts,1,-5.0000,-3.4995,3.0000
10,scouts,2,-6.5000,-4.9995,3.0000
10,scouts,3,-5.0000,-6.4995,3.0000
10,scouts,4,6.4997,-5.0001,3.0000
10,scouts,5,4.9997,-3.5001,3.0000
10,scouts,6,3.4997,-5.0001,3.0000
10,scouts,7,4.9997,-6.5001,3.0000
10,scouts,8,-3.4999,5.0003,3.0000
10,scouts,9,-4.9999,6.5003,3.0000
10,scouts,10,-6.4999,5.0003,3.0000
10,scouts,11,-4.9999,3.5003,3.0000
10,scouts,12,6.4998,4.9997,3.0000
10,scouts,13,4.9998,6.4997,3.0000
10,scouts,14,3.4998,4.9997,3.0000
10,scouts,15,4.9998,3.4997,3.0000
10,workers,0,-3.0000,-5.0000,3.0000
10,workers,1,7.0000,-5.0000,3.0000
10,workers,2,-3.0000,5.0000,3.0000
10,workers,3,7.0000,5.0000,3.0000
11,general,0,0.0000,0.0000,5.0000
11,nodes,0,-4.9996,-5.0030,3.0000
11,nodes,1,5.0031,-4.9988,3.0000
11,nodes,2,-5.0014,4.9970,3.0000
11,nodes,3,5.0020,5.0026,3.0000
11,scouts,0,-3.5000,-5.0000,3.0000
11,scouts,1,-5.0000,-3.5000,3.0000
11,scouts,2,-6.5000,-5.0000,3.0000
11,scouts,3,-5.0000,-6.5000,3.0000
11,scouts,4,6.5001,-5.0000,3.0000
11,scouts,5,5.0001,-3.5000,3.0000
11,scouts,6,3.5001,-5.0000,3.0000
11,scouts,7,5.0001,-6.5000,3.0000
11,scouts,8,-3.5001,4.9999,3.0000
11,scouts,9,-5.0001,6.4999,3.0000
11,scouts,10,-6.5001,4.9999,3.0000
11,scouts,11,-5.0001,3.4999,3.0000
11,scouts,12,6.5001,5.0001,3.0000
11,scouts,13,5.0001,6.5001,3.0000
11,scouts,14,3.5001,5.0001,3.0000
11,scouts,15,5.0001,3.5001,3.0000
11,workers,0,-3.0000,-5.0000,3.0000
11,workers,1,7.0000,-5.0000,3.0000
11,workers,2,-3.0000,5.0000,3.0000
11,workers,3,7.0000,5.0000,3.0000
12,general,0,0.0000,0.0000,5.0000
12,nodes,0,-5.0000,-5.0003,3.0000
12,nodes,1,5.0005,-4.9998,3.0000
12,nodes,2,-5.0003,4.9995,3.0000
12,nodes,3,5.0003,5.0003,3.0000
12,scouts,0,-3.5000,-5.0001,3.0000
12,scouts,1,-5.0000,-3.5001,3.0000
12,scouts,2,-6.5000,-5.0001,3.0000
12,scouts,3,-5.0000,-6.5001,3.0000
12,scouts,4,6.5002,-4.9999,3.0000
12,scouts,5,5.0002,-3.4999,3.0000
12,scouts,6,3.5002,-4.9999,3.0000
12,scouts,7,5.0002,-6.4999,3.0000
12,scouts,8,-3.5001,4.9998,3.0000
12,scouts,9,-5.0001,6.4998,3.0000
12,scouts,10,-6.5001,4.9998,3.0000
12,scouts,11,-5.0001,3.4998,3.0000
12,scouts,12,6.5001,5.0001,3.0000
12,scouts,13,5.0001,6.5001,3.0000
12,scouts,14,3.5001,5.0001,3.0000
12,scouts,15,5.0001,3.5001,3.0000
12,workers,0,-3.0000,-5.0000,3.0000
12,workers,1,7.0000,-5.0000,3.0000
12,workers,2,-3.0000,5.0000,3.0000
12,workers,3,7.0000,5.0000,3.0000
13,general,0,0.0000,0.0000,5.0000
13,nodes,0,-5.0005,-4.9964,3.0000
13,nodes,1,4.9967,-5.0012,3.0000
13,nodes,2,-4.9983,5.0030,3.0000
13,nodes,3,4.9977,4.9973,3.0000
13,scouts,0,-3.5001,-4.9996,3.0000
13,scouts,1,-5.0001,-3.4996,3.0000
13,scouts,2,-6.5001,-4.9996,3.0000
13,scouts,3,-5.0001,-6.4996,3.0000
13,scouts,4,6.4997,-5.0001,3.0000
13,scouts,5,4.9997,-3.5001,3.0000
13,scouts,6,3.4997,-5.0001,3.0000
13,scouts,7,4.9997,-6.5001,3.0000
13,scouts,8,-3.4998,5.0003,3.0000
13,scouts,9,-4.9998,6.5003,3.0000
13,scouts,10,-6.4998,5.0003,3.0000
13,scouts,11,-4.9998,3.5003,3.0000
13,scouts,12,6.4998,4.9998,3.0000
13,scouts,13,4.9998,6.4998,3.0000
13,scouts,14,3.4998,4.9998,3.0000
13,scouts,15,4.9998,3.4998,3.0000
13,workers,0,-3.0000,-5.0000,3.0000
13,workers,1,7.0000,-5.0000,3.0000
13,workers,2,-3.0000,5.0000,3.0000
13,workers,3,7.0000,5.0000,3.0000
14,general,0,0.0000,0.0000,5.0000
14,nodes,0,-5.0001,-4.9991,3.0000
14,nodes,1,4.9993,-5.0003,3.0000
14,nodes,2,-4.9997,5.0006,3.0000
14,nodes,3,4.9995,4.9994,3.0000
14,scouts,0,-3.5001,-4.9995,3.0000
14,scouts,1,-5.0001,-3.4995,3.0000
14,scouts,2,-6.5001,-4.9995,3.0000
14,scouts,3,-5.0001,-6.4995,3.0000
14,scouts,4,6.4997,-5.0001,3.0000
14,scouts,5,4.9997,-3.5001,3.0000
14,scouts,6,3.4997,-5.0001,3.0000
14,scouts,7,4.9997,-6.5001,3.0000
14,scouts,8,-3.4998,5.0003,3.0000
14,scouts,9,-4.9998,6.5003,3.0000
14,scouts,10,-6.4998,5.0003,3.0000
14,scouts,11,-4.9998,3.5003,3.0000
14,scouts,12,6.4997,4.9997,3.0000
14,scouts,13,4.9997,6.4997,3.0000
14,scouts,14,3.4997,4.9997,3.0000
14,scouts,15,4.9997,3.4997,3.0000
14,workers,0,-3.0000,-5.0000,3.0000
14,workers,1,7.0000,-5.0000,3.0000
14,workers,2,-3.0000,5.0000,3.0000
14,workers,3,7.0000,5.0000,3.0000
15,general,0,0.0000,0.0000,5.0000
15,nodes,0,-4.9996,-5.0030,3.0000
15,nodes,1,5.0030,-4.9989,3.0000
15,nodes,2,-5.0015,4.9971,3.0000
15,nodes,3,5.0020,5.0024,3.0000
15,scouts,0,-3.5000,-5.0000,3.0000
15,scouts,1,-5.0000,-3.5000,3.0000
15,scouts,2,-6.5000,-5.0000,3.0000
15,scouts,3,-5.0000,-6.5000,3.0000
15,scouts,4,6.5001,-5.0000,3.0000
15,scouts,5,5.0001,-3.5000,3.0000
15,scouts,6,3.5001,-5.0000,3.0000
15,scouts,7,5.0001,-6.5000,3.0000
15,scouts,8,-3.5000,4.9999,3.0000
15,scouts,9,-5.0000,6.4999,3.0000
15,scouts,10,-6.5000,4.9999,3.0000
15,scouts,11,-5.0000,3.4999,3.0000
15,scouts,12,6.5000,5.0001,3.0000
15,scouts,13,5.0000,6.5001,3.0000
15,scouts,14,3.5000,5.0001,3.0000
15,scouts,15,5.0000,3.5001,3.0000
15,workers,0,-3.0000,-5.0000,3.0000
15,workers,1,7.0000,-5.0000,3.0000
15,workers,2,-3.0000,5.0000,3.0000
15,workers,3,7.0000,5.0000,3.0000
16,general,0,0.0000,0.0000,5.0000
16,nodes,0,-5.0000,-5.0002,3.0000
16,nodes,1,5.0004,-4.9999,3.0000
16,nodes,2,-5.0002,4.9996,3.0000
16,nodes,3,5.0002,5.0003,3.0000
16,scouts,0,-3.5000,-5.0000,3.0000
16,scouts,1,-5.0000,-3.5000,3.0000
16,scouts,2,-6.5000,-5.0000,3.0000
16,scouts,3,-5.0000,-6.5000,3.0000
16,scouts,4,6.5001,-5.0000,3.0000
16,scouts,5,5.0001,-3.5000,3.0000
16,scouts,6,3.5001,-5.0000,3.0000
16,scouts,7,5.0001,-6.5000,3.0000
16,scouts,8,-3.5001,4.9998,3.0000
16,scouts,9,-5.0001,6.4998,3.0000
16,scouts,10,-6.5001,4.9998,3.0000
16,scouts,11,-5.0001,3.4998,3.0000
16,scouts,12,6.5001,5.0001,3.0000
16,scouts,13,5.0001,6.5001,3.0000
16,scouts,14,3.5001,5.0001,3.0000
16,scouts,15,5.0001,3.5001,3.0000
16,workers,0,-3.0000,-5.0000,3.0000
16,workers,1,7.0000,-5.0000,3.0000
16,workers,2,-3.0000,5.0000,3.0000
16,workers,3,7.0000,5.0000,3.0000
17,general,0,0.0000,0.0000,5.0000
17,nodes,0,-5.0005,-4.9963,3.0000
17,nodes,1,4.9967,-5.0013,3.0000
17,nodes,2,-4.9985,5.0031,3.0000
17,nodes,3,4.9978,4.9972,3.0000
17,scouts,0,-3.5001,-4.9995,3.0000
17,scouts,1,-5.0001,-3.4995,3.0000
17,scouts,2,-6.5001,-4.9995,3.0000
17,scouts,3,-5.0001,-6.4995,3.0000
17,scouts,4,6.4997,-5.0001,3.0000
17,scouts,5,4.9997,-3.5001,3.0000
17,scouts,6,3.4997,-5.0001,3.0000
17,scouts,7,4.9997,-6.5001,3.0000
17,scouts,8,-3.4999,5.0003,3.0000
17,scouts,9,-4.9999,6.5003,3.0000
17,scouts,10,-6.4999,5.0003,3.0000
17,scouts,11,-4.9999,3.5003,3.0000
17,scouts,12,6.4998,4.9997,3.0000
17,scouts,13,4.9998,6.4997,3.0000
17,scouts,14,3.4998,4.9997,3.0000
17,scouts,15,4.9998,3.4997,3.0000
17,workers,0,-3.0000,-5.0000,3.0000
17,workers,1,7.0000,-5.0000,3.0000
17,workers,2,-3.0000,5.0000,3.0000
17,workers,3,7.0000,5.0000,3.0000
18,general,0,0.0000,0.0000,5.0000
18,nodes,0,-5.0001,-4.9990,3.0000
18,nodes,1,4.9992,-5.0003,3.0000
18,nodes,2,-4.9997,5.0006,3.0000
18,nodes,3,4.9995,4.9994,3.0000
18,scouts,0,-3.5001,-4.9994,3.0000
18,scouts,1,-5.0001,-3.4994,3.0000
18,scouts,2,-6.5001,-4.9994,3.0000
18,scouts,3,-5.0001,-6.4994,3.0000
18,scouts,4,6.4996,-5.0001,3.0000
18,scouts,5,4.9996,-3.5001,3.0000
18,scouts,6,3.4996,-5.0001,3.0000
18,scouts,7,4.9996,-6.5001,3.0000
18,scouts,8,-3.4998,5.0003,3.0000
18,scouts,9,-4.9998,6.5003,3.0000
18,scouts,10,-6.4998,5.0003,3.0000
18,scouts,11,-4.9998,3.5003,3.0000
18,scouts,12,6.4997,4.9997,3.0000
18,scouts,13,4.9997,6.4997,3.0000
18,scouts,14,3.4997,4.9997,3.0000
18,scouts,15,4.9997,3.4997,3.0000
18,workers,0,-3.0000,-5.0000,3.0000
18,workers,1,7.0000,-5.0000,3.0000
18,workers,2,-3.0000,5.0000,3.0000
18,workers,3,7.0000,5.0000,3.0000
19,general,0,0.0000,0.0000,5.0000
19,nodes,0,-4.9995,-5.0029,3.0000
19,nodes,1,5.0029,-4.9990,3.0000
19,nodes,2,-5.0014,4.9972,3.0000
19,nodes,3,5.0020,5.0025,3.0000
19,scouts,0,-3.5000,-4.9999,3.0000
19,scouts,1,-5.0000,-3.4999,3.0000
19,scouts,2,-6.5000,-4.9999,3.0000
19,scouts,3,-5.0000,-6.4999,3.0000
19,scouts,4,6.5000,-5.0000,3.0000
19,scouts,5,5.0000,-3.5000,3.0000
19,scouts,6,3.5000,-5.0000,3.0000
19,scouts,7,5.0000,-6.5000,3.0000
19,scouts,8,-3.5001,4.9999,3.0000
19,scouts,9,-5.0001,6.4999,3.0000
19,scouts,10,-6.5001,4.9999,3.0000
19,scouts,11,-5.0001,3.4999,3.0000
19,scouts,12,6.5000,5.0000,3.0000
19,scouts,13,5.0000,6.5000,3.0000
19,scouts,14,3.5000,5.0000,3.0000
19,scouts,15,5.0000,3.5000,3.0000
19,workers,0,-3.0000,-5.0000,3.0000
19,workers,1,7.0000,-5.0000,3.0000
19,workers,2,-3.0000,5.0000,3.0000
19,workers,3,7.0000,5.0000,3.0000
20,general,0,0.0000,0.0000,5.0000
20,nodes,0,-4.9999,-5.0002,3.0000
20,nodes,1,5.0002,-4.9999,3.0000
20,nodes,2,-5.0001,4.9996,3.0000
20,nodes,3,5.0002,5.0003,3.0000
20,scouts,0,-3.5000,-4.9999,3.0000
20,scouts,1,-5.0000,-3.4999,3.0000
20,scouts,2,-6.5000,-4.9999,3.0000
20,scouts,3,-5.0000,-6.4999,3.0000
20,scouts,4,6.5001,-5.0000,3.0000
20,scouts,5,5.0001,-3.5000,3.0000
20,scouts,6,3.5001,-5.0000,3.0000
20,scouts,7,5.0001,-6.5000,3.0000
20,scouts,8,-3.5001,4.9999,3.0000
20,scouts,9,-5.0001,6.4999,3.0000
20,scouts,10,-6.5001,4.9999,3.0000
20,scouts,11,-5.0001,3.4999,3.0000
20,scouts,12,6.5001,5.0001,3.0000
20,scouts,13,5.0001,6.5001,3.0000
20,scouts,14,3.5001,5.0001,3.0000
20,scouts,15,5.0001,3.5001,3.0000
20,workers,0,-3.0000,-5.0000,3.0000
20,workers,1,7.0000,-5.0000,3.0000
20,workers,2,-3.0000,5.0000,3.0000
20,workers,3,7.0000,5.0000,3.0000
21,general,0,0.0000,0.0000,5.0000
21,nodes,0,-5.0010,-4.9964,3.0000
21,nodes,1,4.9965,-5.0011,3.0000
21,nodes,2,-4.9986,5.0033,3.0000
21,nodes,3,4.9979,4.9972,3.0000
21,scouts,0,-3.5001,-4.9995,3.0000
21,scouts,1,-5.0001,-3.4995,3.0000
21,scouts,2,-6.5001,-4.9995,3.0000
21,scouts,3,-5.0001,-6.4995,3.0000
21,scouts,4,6.4996,-5.0001,3.0000
21,scouts,5,4.9996,-3.5001,3.0000
21,scouts,6,3.4996,-5.0001,3.0000
21,scouts,7,4.9996,-6.5001,3.0000
21,scouts,8,-3.4999,5.0003,3.0000
21,scouts,9,-4.9999,6.5003,3.0000
21,scouts,10,-6.4999,5.0003,3.0000
21,scouts,11,-4.9999,3.5003,3.0000
21,scouts,12,6.4998,4.9997,3.0000
21,scouts,13,4.9998,6.4997,3.0000
21,scouts,14,3.4998,4.9997,3.0000
21,scouts,15,4.9998,3.4997,3.0000
21,workers,0,-3.0000,-5.0000,3.0000
21,workers,1,7.0000,-5.0000,3.0000
21,workers,2,-3.0000,5.0000,3.0000
21,workers,3,7.0000,5.0000,3.0000
22,general,0,0.0000,0.0000,5.0000
22,nodes,0,-5.0003,-4.9991,3.0000
22,nodes,1,4.9991,-5.0003,3.0000
22,nodes,2,-4.9997,5.0007,3.0000
22,nodes,3,4.9995,4.9994,3.0000
22,scouts,0,-3.5002,-4.9994,3.0000
22,scouts,1,-5.0002,-3.4994,3.0000
22,scouts,2,-6.5002,-4.9994,3.0000
22,scouts,3,-5.0002,-6.4994,3.0000
22,scouts,4,6.4995,-5.0001,3.0000
22,scouts,5,4.9995,-3.5001,3.0000
22,scouts,6,3.4995,-5.0001,3.0000
22,scouts,7,4.9995,-6.5001,3.0000
22,scouts,8,-3.4998,5.0004,3.0000
22,scouts,9,-4.9998,6.5004,3.0000
22,scouts,10,-6.4998,5.0004,3.0000
22,scouts,11,-4.9998,3.5004,3.0000
22,scouts,12,6.4997,4.9997,3.0000
22,scouts,13,4.9997,6.4997,3.0000
22,scouts,14,3.4997,4.9997,3.0000
22,scouts,15,4.9997,3.4997,3.0000
22,workers,0,-3.0000,-5.0000,3.0000
22,workers,1,7.0000,-5.0000,3.0000
22,workers,2,-3.0000,5.0000,3.0000
22,workers,3,7.0000,5.0000,3.0000
23,general,0,0.0000,0.0000,5.0000
23,nodes,0,-4.9992,-5.0029,3.0000
23,nodes,1,5.0029,-4.9991,3.0000
23,nodes,2,-5.0013,4.9972,3.0000
23,nodes,3,5.0019,5.0025,3.0000
23,scouts,0,-3.5000,-4.9999,3.0000
23,scouts,1,-5.0000,-3.4999,3.0000
23,scouts,2,-6.5000,-4.9999,3.0000
23,scouts,3,-5.0000,-6.4999,3.0000
23,scouts,4,6.5000,-5.0000,3.0000
23,scouts,5,5.0000,-3.5000,3.0000
23,scouts,6,3.5000,-5.0000,3.0000
23,scouts,7,5.0000,-6.5000,3.0000
23,scouts,8,-3.5000,4.9999,3.0000
23,scouts,9,-5.0000,6.4999,3.0000
23,scouts,10,-6.5000,4.9999,3.0000
23,scouts,11,-5.0000,3.4999,3.0000
23,scouts,12,6.5000,5.0000,3.0000
23,scouts,13,5.0000,6.5000,3.0000
23,scouts,14,3.5000,5.0000,3.0000
23,scouts,15,5.0000,3.5000,3.0000
23,workers,0,-3.0000,-5.0000,3.0000
23,workers,1,7.0000,-5.0000,3.0000
23,workers,2,-3.0000,5.0000,3.0000
23,workers,3,7.0000,5.0000,3.0000
24,general,0,0.0000,0.0000,5.0000
24,nodes,0,-4.9999,-5.0002,3.0000
24,nodes,1,5.0003,-4.9999,3.0000
24,nodes,2,-5.0002,4.9996,3.0000
24,nodes,3,5.0002,5.0003,3.0000
24,scouts,0,-3.5000,-4.9999,3.0000
24,scouts,1,-5.0000,-3.4999,3.0000
24,scouts,2,-6.5000,-4.9999,3.0000
24,scouts,3,-5.0000,-6.4999,3.0000
24,scouts,4,6.5000,-5.0000,3.0000
24,scouts,5,5.0000,-3.5000,3.0000
24,scouts,6,3.5000,-5.0000,3.0000
24,scouts,7,5.0000,-6.5000,3.0000
24,scouts,8,-3.5001,4.9999,3.0000
24,scouts,9,-5.0001,6.4999,3.0000
24,scouts,10,-6.5001,4.9999,3.0000
24,scouts,11,-5.0001,3.4999,3.0000
24,scouts,12,6.5001,5.0001,3.0000
24,scouts,13,5.0001,6.5001,3.0000
24,scouts,14,3.5001,5.0001,3.0000
24,scouts,15,5.0001,3.5001,3.0000
24,workers,0,-3.0000,-5.0000,3.0000
24,workers,1,7.0000,-5.0000,3.0000
24,workers,2,-3.0000,5.0000,3.0000
24,workers,3,7.0000,5.0000,3.0000
25,general,0,0.0000,0.0000,5.0000
25,nodes,0,-5.0009,-4.9964,3.0000
25,nodes,1,4.9965,-5.0011,3.0000
25,nodes,2,-4.9985,5.0032,3.0000
25,nodes,3,4.9977,4.9974,3.0000
25,scouts,0,-3.5001,-4.9995,3.0000
25,scouts,1,-5.0001,-3.4995,3.0000
25,scouts,2,-6.5001,-4.9995,3.0000
25,scouts,3,-5.0001,-6.4995,3.0000
25,scouts,4,6.4996,-5.0001,3.0000
25,scouts,5,4.9996,-3.5001,3.0000
25,scouts,6,3.4996,-5.0001,3.0000
25,scouts,7,4.9996,-6.5001,3.0000
25,scouts,8,-3.4999,5.0003,3.0000
25,scouts,9,-4.9999,6.5003,3.0000
25,scouts,10,-6.4999,5.0003,3.0000
25,scouts,11,-4.9999,3.5003,3.0000
25,scouts,12,6.4997,4.9997,3.0000
25,scouts,13,4.9997,6.4997,3.0000
25,scouts,14,3.4997,4.9997,3.0000
25,scouts,15,4.9997,3.4997,3.0000
25,workers,0,-3.0000,-5.0000,3.0000
25,workers,1,7.0000,-5.0000,3.0000
25,workers,2,-3.0000,5.0000,3.0000
25,workers,3,7.0000,5.0000,3.0000
26,general,0,0.0000,0.0000,5.0000
26,nodes,0,-5.0003,-4.9992,3.0000
26,nodes,1,4.9992,-5.0003,3.0000
26,nodes,2,-4.9997,5.0007,3.0000
26,nodes,3,4.9995,4.9994,3.0000
26,scouts,0,-3.5001,-4.9994,3.0000
26,scouts,1,-5.0001,-3.4994,3.0000
26,scouts,2,-6.5001,-4.9994,3.0000
26,scouts,3,-5.0001,-6.4994,3.0000
26,scouts,4,6.4995,-5.0002,3.0000
26,scouts,5,4.9995,-3.5002,3.0000
26,scouts,6,3.4995,-5.0002,3.0000
26,scouts,7,4.9995,-6.5002,3.0000
26,scouts,8,-3.4998,5.0004,3.0000
26,scouts,9,-4.9998,6.5004,3.0000
26,scouts,10,-6.4998,5.0004,3.0000
26,scouts,11,-4.9998,3.5004,3.0000
26,scouts,12,6.4997,4.9997,3.0000
26,scouts,13,4.9997,6.4997,3.0000
26,scouts,14,3.4997,4.9997,3.0000
26,scouts,15,4.9997,3.4997,3.0000
26,workers,0,-3.0000,-5.0000,3.0000
26,workers,1,7.0000,-5.0000,3.0000
26,workers,2,-3.0000,5.0000,3.0000
26,workers,3,7.0000,5.0000,3.0000
27,general,0,0.0000,0.0000,5.0000
27,nodes,0,-4.9992,-5.0029,3.0000
27,nodes,1,5.0029,-4.9990,3.0000
27,nodes,2,-5.0014,4.9972,3.0000
27,nodes,3,5.0021,5.0024,3.0000
27,scouts,0,-3.5000,-4.9999,3.0000
27,scouts,1,-5.0000,-3.4999,3.0000
27,scouts,2,-6.5000,-4.9999,3.0000
27,scouts,3,-5.0000,-6.4999,3.0000
27,scouts,4,6.5000,-5.0000,3.0000
27,scouts,5,5.0000,-3.5000,3.0000
27,scouts,6,3.5000,-5.0000,3.0000
27,scouts,7,5.0000,-6.5000,3.0000
27,scouts,8,-3.5000,5.0000,3.0000
27,scouts,9,-5.0000,6.5000,3.0000
27,scouts,10,-6.5000,5.0000,3.0000
27,scouts,11,-5.0000,3.5000,3.0000
27,scouts,12,6.5000,5.0000,3.0000
27,scouts,13,5.0000,6.5000,3.0000
27,scouts,14,3.5000,5.0000,3.0000
27,scouts,15,5.0000,3.5000,3.0000
27,workers,0,-3.0000,-5.0000,3.0000
27,workers,1,7.0000,-5.0000,3.0000
27,workers,2,-3.0000,5.0000,3.0000
27,workers,3,7.0000,5.0000,3.0000
28,general,0,0.0000,0.0000,5.0000
28,nodes,0,-4.9999,-5.0002,3.0000
28,nodes,1,5.0004,-4.9999,3.0000
28,nodes,2,-5.0002,4.9996,3.0000
28,nodes,3,5.0003,5.0003,3.0000
28,scouts,0,-3.5000,-4.9999,3.0000
28,scouts,1,-5.0000,-3.4999,3.0000
28,scouts,2,-6.5000,-4.9999,3.0000
28,scouts,3,-5.0000,-6.4999,3.0000
28,scouts,4,6.5000,-5.0000,3.0000
28,scouts,5,5.0000,-3.5000,3.0000
28,scouts,6,3.5000,-5.0000,3.0000
28,scouts,7,5.0000,-6.5000,3.0000
28,scouts,8,-3.5001,4.9999,3.0000
28,scouts,9,-5.0001,6.4999,3.0000
28,scouts,10,-6.5001,4.9999,3.0000
28,scouts,11,-5.0001,3.4999,3.0000
28,scouts,12,6.5001,5.0001,3.0000
28,scouts,13,5.0001,6.5001,3.0000
28,scouts,14,3.5001,5.0001,3.0000
28,scouts,15,5.0001,3.5001,3.0000
28,workers,0,-3.0000,-5.0000,3.0000
28,workers,1,7.0000,-5.0000,3.0000
28,workers,2,-3.0000,5.0000,3.0000
28,workers,3,7.0000,5.0000,3.0000
29,general,0,0.0000,0.0000,5.0000
29,nodes,0,-5.0016,-4.9966,3.0000
29,nodes,1,4.9966,-5.0010,3.0000
29,nodes,2,-4.9983,5.0031,3.0000
29,nodes,3,4.9977,4.9975,3.0000
29,scouts,0,-3.5002,-4.9995,3.0000
29,scouts,1,-5.0002,-3.4995,3.0000
29,scouts,2,-6.5002,-4.9995,3.0000
29,scouts,3,-5.0002,-6.4995,3.0000
29,scouts,4,6.4996,-5.0001,3.0000
29,scouts,5,4.9996,-3.5001,3.0000
29,scouts,6,3.4996,-5.0001,3.0000
29,scouts,7,4.9996,-6.5001,3.0000
29,scouts,8,-3.4998,5.0003,3.0000
29,scouts,9,-4.9998,6.5003,3.0000
29,scouts,10,-6.4998,5.0003,3.0000
29,scouts,11,-4.9998,3.5003,3.0000
29,scouts,12,6.4997,4.9997,3.0000
29,scouts,13,4.9997,6.4997,3.0000
29,scouts,14,3.4997,4.9997,3.0000
29,scouts,15,4.9997,3.4997,3.0000
29,workers,0,-3.0000,-5.0000,3.0000
29,workers,1,7.0000,-5.0000,3.0000
29,workers,2,-3.0000,5.0000,3.0000
29,workers,3,7.0000,5.0000,3.0000
30,general,0,0.0000,0.0000,5.0000
30,nodes,0,-5.0005,-4.9991,3.0000
30,nodes,1,4.9993,-5.0002,3.0000
30,nodes,2,-4.9997,5.0007,3.0000
30,nodes,3,4.9995,4.9995,3.0000
30,scouts,0,-3.5002,-4.9994,3.0000
30,scouts,1,-5.0002,-3.4994,3.0000
30,scouts,2,-6.5002,-4.9994,3.0000
30,scouts,3,-5.0002,-6.4994,3.0000
30,scouts,4,6.4995,-5.0001,3.0000
30,scouts,5,4.9995,-3.5001,3.0000
30,scouts,6,3.4995,-5.0001,3.0000
30,scouts,7,4.9995,-6.5001,3.0000
30,scouts,8,-3.4998,5.0004,3.0000
30,scouts,9,-4.9998,6.5004,3.0000
30,scouts,10,-6.4998,5.0004,3.0000
30,scouts,11,-4.9998,3.5004,3.0000
30,scouts,12,6.4997,4.9997,3.0000
30,scouts,13,4.9997,6.4997,3.0000
30,scouts,14,3.4997,4.9997,3.0000
30,scouts,15,4.9997,3.4997,3.0000
30,workers,0,-3.0000,-5.0000,3.0000
30,workers,1,7.0000,-5.0000,3.0000
30,workers,2,-3.0000,5.0000,3.0000
30,workers,3,7.0000,5.0000,3.0000
31,general,0,0.0000,0.0000,5.0000
31,nodes,0,-4.9987,-5.0025,3.0000
31,nodes,1,5.0031,-4.9992,3.0000
31,nodes,2,-5.0014,4.9972,3.0000
31,nodes,3,5.0022,5.0024,3.0000
31,scouts,0,-3.5000,-4.9998,3.0000
31,scouts,1,-5.0000,-3.4998,3.0000
31,scouts,2,-6.5000,-4.9998,3.0000
31,scouts,3,-5.0000,-6.4998,3.0000
31,scouts,4,6.5000,-5.0000,3.0000
31,scouts,5,5.0000,-3.5000,3.0000
31,scouts,6,3.5000,-5.0000,3.0000
31,scouts,7,5.0000,-6.5000,3.0000
31,scouts,8,-3.5000,5.0000,3.0000
31,scouts,9,-5.0000,6.5000,3.0000
31,scouts,10,-6.5000,5.0000,3.0000
31,scouts,11,-5.0000,3.5000,3.0000
31,scouts,12,6.5000,5.0001,3.0000
31,scouts,13,5.0000,6.5001,3.0000
31,scouts,14,3.5000,5.0001,3.0000
31,scouts,15,5.0000,3.5001,3.0000
31,workers,0,-3.0000,-5.0000,3.0000
31,workers,1,7.0000,-5.0000,3.0000
31,workers,2,-3.0000,5.0000,3.0000
31,workers,3,7.0000,5.0000,3.0000
32,general,0,0.0000,0.0000,5.0000
32,nodes,0,-5.0000,-5.0000,3.0000
32,nodes,1,5.0004,-4.9999,3.0000
32,nodes,2,-5.0002,4.9997,3.0000
32,nodes,3,5.0003,5.0004,3.0000
32,scouts,0,-3.5000,-4.9999,3.0000
32,scouts,1,-5.0000,-3.4999,3.0000
32,scouts,2,-6.5000,-4.9999,3.0000
32,scouts,3,-5.0000,-6.4999,3.0000
32,scouts,4,6.5001,-5.0000,3.0000
32,scouts,5,5.0001,-3.5000,3.0000
32,scouts,6,3.5001,-5.0000,3.0000
32,scouts,7,5.0001,-6.5000,3.0000
32,scouts,8,-3.5000,4.9999,3.0000
32,scouts,9,-5.0000,6.4999,3.0000
32,scouts,10,-6.5000,4.9999,3.0000
32,scouts,11,-5.0000,3.4999,3.0000
32,scouts,12,6.5001,5.0001,3.0000
32,scouts,13,5.0001,6.5001,3.0000
32,scouts,14,3.5001,5.0001,3.0000
32,scouts,15,5.0001,3.5001,3.0000
32,workers,0,-3.0000,-5.0000,3.0000
32,workers,1,7.0000,-5.0000,3.0000
32,workers,2,-3.0000,5.0000,3.0000
32,workers,3,7.0000,5.0000,3.0000
33,general,0,0.0000,0.0000,5.0000
33,nodes,0,-4.9998,-4.9962,3.0000
33,nodes,1,4.9966,-5.0009,3.0000
33,nodes,2,-4.9983,5.0031,3.0000
33,nodes,3,4.9978,4.9974,3.0000
33,scouts,0,-3.5000,-4.9994,3.0000
33,scouts,1,-5.0000,-3.4994,3.0000
33,scouts,2,-6.5000,-4.9994,3.0000
33,scouts,3,-5.0000,-6.4994,3.0000
33,scouts,4,6.4996,-5.0001,3.0000
33,scouts,5,4.9996,-3.5001,3.0000
33,scouts,6,3.4996,-5.0001,3.0000
33,scouts,7,4.9996,-6.5001,3.0000
33,scouts,8,-3.4998,5.0003,3.0000
33,scouts,9,-4.9998,6.5003,3.0000
33,scouts,10,-6.4998,5.0003,3.0000
33,scouts,11,-4.9998,3.5003,3.0000
33,scouts,12,6.4998,4.9997,3.0000
33,scouts,13,4.9998,6.4997,3.0000
33,scouts,14,3.4998,4.9997,3.0000
33,scouts,15,4.9998,3.4997,3.0000
33,workers,0,-3.0000,-5.0000,3.0000
33,workers,1,7.0000,-5.0000,3.0000
33,workers,2,-3.0000,5.0000,3.0000
33,workers,3,7.0000,5.0000,3.0000
34,general,0,0.0000,0.0000,5.0000
34,nodes,0,-5.0000,-4.9990,3.0000
34,nodes,1,4.9993,-5.0002,3.0000
34,nodes,2,-4.9996,5.0007,3.0000
34,nodes,3,4.9996,4.9996,3.0000
34,scouts,0,-3.5000,-4.9993,3.0000
34,scouts,1,-5.0000,-3.4993,3.0000
34,scouts,2,-6.5000,-4.9993,3.0000
34,scouts,3,-5.0000,-6.4993,3.0000
34,scouts,4,6.4996,-5.0001,3.0000
34,scouts,5,4.9996,-3.5001,3.0000
34,scouts,6,3.4996,-5.0001,3.0000
34,scouts,7,4.9996,-6.5001,3.0000
34,scouts,8,-3.4998,5.0004,3.0000
34,scouts,9,-4.9998,6.5004,3.0000
34,scouts,10,-6.4998,5.0004,3.0000
34,scouts,11,-4.9998,3.5004,3.0000
34,scouts,12,6.4998,4.9997,3.0000
34,scouts,13,4.9998,6.4997,3.0000
34,scouts,14,3.4998,4.9997,3.0000
34,scouts,15,4.9998,3.4997,3.0000
34,workers,0,-3.0000,-5.0000,3.0000
34,workers,1,7.0000,-5.0000,3.0000
34,workers,2,-3.0000,5.0000,3.0000
34,workers,3,7.0000,5.0000,3.0000
35,general,0,0.0000,0.0000,5.0000
35,nodes,0,-5.0001,-5.0029,3.0000
35,nodes,1,5.0031,-4.9993,3.0000
35,nodes,2,-5.0015,4.9972,3.0000
35,nodes,3,5.0022,5.0025,3.0000
35,scouts,0,-3.5000,-4.9998,3.0000
35,scouts,1,-5.0000,-3.4998,3.0000
35,scouts,2,-6.5000,-4.9998,3.0000
35,scouts,3,-5.0000,-6.4998,3.0000
35,scouts,4,6.5000,-5.0000,3.0000
35,scouts,5,5.0000,-3.5000,3.0000
35,scouts,6,3.5000,-5.0000,3.0000
35,scouts,7,5.0000,-6.5000,3.0000
35,scouts,8,-3.5000,5.0000,3.0000
35,scouts,9,-5.0000,6.5000,3.0000
35,scouts,10,-6.5000,5.0000,3.0000
35,scouts,11,-5.0000,3.5000,3.0000
35,scouts,12,6.5001,5.0001,3.0000
35,scouts,13,5.0001,6.5001,3.0000
35,scouts,14,3.5001,5.0001,3.0000
35,scouts,15,5.0001,3.5001,3.0000
35,workers,0,-3.0000,-5.0000,3.0000
35,workers,1,7.0000,-5.0000,3.0000
35,workers,2,-3.0000,5.0000,3.0000
35,workers,3,7.0000,5.0000,3.0000
36,general,0,0.0000,0.0000,5.0000
36,nodes,0,-5.0000,-5.0002,3.0000
36,nodes,1,5.0005,-4.9999,3.0000
36,nodes,2,-5.0002,4.9997,3.0000
36,nodes,3,5.0003,5.0004,3.0000
36,scouts,0,-3.5000,-4.9999,3.0000
36,scouts,1,-5.0000,-3.4999,3.0000
36,scouts,2,-6.5000,-4.9999,3.0000
36,scouts,3,-5.0000,-6.4999,3.0000
36,scouts,4,6.5001,-5.0000,3.0000
36,scouts,5,5.0001,-3.5000,3.0000
36,scouts,6,3.5001,-5.0000,3.0000
36,scouts,7,5.0001,-6.5000,3.0000
36,scouts,8,-3.5000,4.9999,3.0000
36,scouts,9,-5.0000,6.4999,3.0000
36,scouts,10,-6.5000,4.9999,3.0000
36,scouts,11,-5.0000,3.4999,3.0000
36,scouts,12,6.5001,5.0001,3.0000
36,scouts,13,5.0001,6.5001,3.0000
36,scouts,14,3.5001,5.0001,3.0000
36,scouts,15,5.0001,3.5001,3.0000
36,workers,0,-3.0000,-5.0000,3.0000
36,workers,1,7.0000,-5.0000,3.0000
36,workers,2,-3.0000,5.0000,3.0000
36,workers,3,7.0000,5.0000,3.0000
37,general,0,0.0000,0.0000,5.0000
37,nodes,0,-4.9997,-4.9962,3.0000
37,nodes,1,4.9966,-5.0005,3.0000
37,nodes,2,-4.9984,5.0032,3.0000
37,nodes,3,4.9979,4.9974,3.0000
37,scouts,0,-3.5000,-4.9994,3.0000
37,scouts,1,-5.0000,-3.4994,3.0000
37,scouts,2,-6.5000,-4.9994,3.0000
37,scouts,3,-5.0000,-6.4994,3.0000
37,scouts,4,6.4996,-5.0001,3.0000
37,scouts,5,4.9996,-3.5001,3.0000
37,scouts,6,3.4996,-5.0001,3.0000
37,scouts,7,4.9996,-6.5001,3.0000
37,scouts,8,-3.4998,5.0004,3.0000
37,scouts,9,-4.9998,6.5004,3.0000
37,scouts,10,-6.4998,5.0004,3.0000
37,scouts,11,-4.9998,3.5004,3.0000
37,scouts,12,6.4998,4.9998,3.0000
37,scouts,13,4.9998,6.4998,3.0000
37,scouts,14,3.4998,4.9998,3.0000
37,scouts,15,4.9998,3.4998,3.0000
37,workers,0,-3.0000,-5.0000,3.0000
37,workers,1,7.0000,-5.0000,3.0000
37,workers,2,-3.0000,5.0000,3.0000
37,workers,3,7.0000,5.0000,3.0000
38,general,0,0.0000,0.0000,5.0000
38,nodes,0,-4.9999,-4.9989,3.0000
38,nodes,1,4.9994,-5.0001,3.0000
38,nodes,2,-4.9997,5.0006,3.0000
38,nodes,3,4.9996,4.9996,3.0000
38,scouts,0,-3.5000,-4.9993,3.0000
38,scouts,1,-5.0000,-3.4993,3.0000
38,scouts,2,-6.5000,-4.9993,3.0000
38,scouts,3,-5.0000,-6.4993,3.0000
38,scouts,4,6.4996,-5.0001,3.0000
38,scouts,5,4.9996,-3.5001,3.0000
38,scouts,6,3.4996,-5.0001,3.0000
38,scouts,7,4.9996,-6.5001,3.0000
38,scouts,8,-3.4998,5.0004,3.0000
38,scouts,9,-4.9998,6.5004,3.0000
38,scouts,10,-6.4998,5.0004,3.0000
38,scouts,11,-4.9998,3.5004,3.0000
38,scouts,12,6.4998,4.9997,3.0000
38,scouts,13,4.9998,6.4997,3.0000
38,scouts,14,3.4998,4.9997,3.0000
38,scouts,15,4.9998,3.4997,3.0000
38,workers,0,-3.0000,-5.0000,3.0000
38,workers,1,7.0000,-5.0000,3.0000
38,workers,2,-3.0000,5.0000,3.0000
38,workers,3,7.0000,5.0000,3.0000
39,general,0,0.0000,0.0000,5.0000
39,nodes,0,-5.0002,-5.0028,3.0000
39,nodes,1,5.0033,-4.9994,3.0000
39,nodes,2,-5.0015,4.9972,3.0000
39,nodes,3,5.0023,5.0024,3.0000
39,scouts,0,-3.5000,-4.9998,3.0000
39,scouts,1,-5.0000,-3.4998,3.0000
39,scouts,2,-6.5000,-4.9998,3.0000
39,scouts,3,-5.0000,-6.4998,3.0000
39,scouts,4,6.5001,-5.0000,3.0000
39,scouts,5,5.0001,-3.5000,3.0000
39,scouts,6,3.5001,-5.0000,3.0000
39,scouts,7,5.0001,-6.5000,3.0000
39,scouts,8,-3.5000,5.0000,3.0000
39,scouts,9,-5.0000,6.5000,3.0000
39,scouts,10,-6.5000,5.0000,3.0000
39,scouts,11,-5.0000,3.5000,3.0000
39,scouts,12,6.5001,5.0001,3.0000
39,scouts,13,5.0001,6.5001,3.0000
39,scouts,14,3.5001,5.0001,3.0000
39,scouts,15,5.0001,3.5001,3.0000
39,workers,0,-3.0000,-5.0000,3.0000
39,workers,1,7.0000,-5.0000,3.0000
39,workers,2,-3.0000,5.0000,3.0000
39,workers,3,7.0000,5.0000,3.0000
40,general,0,0.0000,0.0000,5.0000
40,nodes,0,-5.0000,-5.0001,3.0000
40,nodes,1,5.0007,-4.9998,3.0000
40,nodes,2,-5.0002,4.9996,3.0000
40,nodes,3,5.0004,5.0004,3.0000
40,scouts,0,-3.5000,-4.9998,3.0000
40,scouts,1,-5.0000,-3.4998,3.0000
40,scouts,2,-6.5000,-4.9998,3.0000
40,scouts,3,-5.0000,-6.4998,3.0000
40,scouts,4,6.5002,-5.0000,3.0000
40,scouts,5,5.0002,-3.5000,3.0000
40,scouts,6,3.5002,-5.0000,3.0000
40,scouts,7,5.0002,-6.5000,3.0000
40,scouts,8,-3.5000,4.9999,3.0000
40,scouts,9,-5.0000,6.4999,3.0000
40,scouts,10,-6.5000,4.9999,3.0000
40,scouts,11,-5.0000,3.4999,3.0000
40,scouts,12,6.5002,5.0001,3.0000
40,scouts,13,5.0002,6.5001,3.0000
40,scouts,14,3.5002,5.0001,3.0000
40,scouts,15,5.0002,3.5001,3.0000
40,workers,0,-3.0000,-5.0000,3.0000
40,workers,1,7.0000,-5.0000,3.0000
40,workers,2,-3.0000,5.0000,3.0000
40,workers,3,7.0000,5.0000,3.0000
41,general,0,0.0000,0.0000,5.0000
41,nodes,0,-5.0003,-4.9962,3.0000
41,nodes,1,4.9969,-5.0008,3.0000
41,nodes,2,-4.9982,5.0030,3.0000
41,nodes,3,4.9977,4.9976,3.0000
41,scouts,0,-3.5000,-4.9993,3.0000
41,scouts,1,-5.0000,-3.4993,3.0000
41,scouts,2,-6.5000,-4.9993,3.0000
41,scouts,3,-5.0000,-6.4993,3.0000
41,scouts,4,6.4997,-5.0001,3.0000
41,scouts,5,4.9997,-3.5001,3.0000
41,scouts,6,3.4997,-5.0001,3.0000
41,scouts,7,4.9997,-6.5001,3.0000
41,scouts,8,-3.4998,5.0003,3.0000
41,scouts,9,-4.9998,6.5003,3.0000
41,scouts,10,-6.4998,5.0003,3.0000
41,scouts,11,-4.9998,3.5003,3.0000
41,scouts,12,6.4998,4.9998,3.0000
41,scouts,13,4.9998,6.4998,3.0000
41,scouts,14,3.4998,4.9998,3.0000
41,scouts,15,4.9998,3.4998,3.0000
41,workers,0,-3.0000,-5.0000,3.0000
41,workers,1,7.0000,-5.0000,3.0000
41,workers,2,-3.0000,5.0000,3.0000
41,workers,3,7.0000,5.0000,3.0000
42,general,0,0.0000,0.0000,5.0000
42,nodes,0,-5.0001,-4.9989,3.0000
42,nodes,1,4.9996,-5.0001,3.0000
42,nodes,2,-4.9996,5.0007,3.0000
42,nodes,3,4.9996,4.9996,3.0000
42,scouts,0,-3.5000,-4.9993,3.0000
42,scouts,1,-5.0000,-3.4993,3.0000
42,scouts,2,-6.5000,-4.9993,3.0000
42,scouts,3,-5.0000,-6.4993,3.0000
42,scouts,4,6.4997,-5.0001,3.0000
42,scouts,5,4.9997,-3.5001,3.0000
42,scouts,6,3.4997,-5.0001,3.0000
42,scouts,7,4.9997,-6.5001,3.0000
42,scouts,8,-3.4998,5.0004,3.0000
42,scouts,9,-4.9998,6.5004,3.0000
42,scouts,10,-6.4998,5.0004,3.0000
42,scouts,11,-4.9998,3.5004,3.0000
42,scouts,12,6.4998,4.9998,3.0000
42,scouts,13,4.9998,6.4998,3.0000
42,scouts,14,3.4998,4.9998,3.0000
42,scouts,15,4.9998,3.4998,3.0000
42,workers,0,-3.0000,-5.0000,3.0000
42,workers,1,7.0000,-5.0000,3.0000
42,workers,2,-3.0000,5.0000,3.0000
42,workers,3,7.0000,5.0000,3.0000
43,general,0,0.0000,0.0000,5.0000
43,nodes,0,-4.9998,-5.0028,3.0000
43,nodes,1,5.0033,-4.9988,3.0000
43,nodes,2,-5.0015,4.9973,3.0000
43,nodes,3,5.0022,5.0026,3.0000
43,scouts,0,-3.5000,-4.9998,3.0000
43,scouts,1,-5.0000,-3.4998,3.0000
43,scouts,2,-6.5000,-4.9998,3.0000
43,scouts,3,-5.0000,-6.4998,3.0000
43,scouts,4,6.5002,-4.9999,3.0000
43,scouts,5,5.0002,-3.4999,3.0000
43,scouts,6,3.5002,-4.9999,3.0000
43,scouts,7,5.0002,-6.4999,3.0000
43,scouts,8,-3.5000,5.0000,3.0000
43,scouts,9,-5.0000,6.5000,3.0000
43,scouts,10,-6.5000,5.0000,3.0000
43,scouts,11,-5.0000,3.5000,3.0000
43,scouts,12,6.5001,5.0001,3.0000
43,scouts,13,5.0001,6.5001,3.0000
43,scouts,14,3.5001,5.0001,3.0000
43,scouts,15,5.0001,3.5001,3.0000
43,workers,0,-3.0000,-5.0000,3.0000
43,workers,1,7.0000,-5.0000,3.0000
43,workers,2,-3.0000,5.0000,3.0000
43,workers,3,7.0000,5.0000,3.0000
44,general,0,0.0000,0.0000,5.0000
44,nodes,0,-5.0000,-5.0001,3.0000
44,nodes,1,5.0007,-4.9997,3.0000
44,nodes,2,-5.0002,4.9997,3.0000
44,nodes,3,5.0004,5.0005,3.0000
44,scouts,0,-3.5000,-4.9998,3.0000
44,scouts,1,-5.0000,-3.4998,3.0000
44,scouts,2,-6.5000,-4.9998,3.0000
44,scouts,3,-5.0000,-6.4998,3.0000
44,scouts,4,6.5003,-4.9999,3.0000
44,scouts,5,5.0003,-3.4999,3.0000
44,scouts,6,3.5003,-4.9999,3.0000
44,scouts,7,5.0003,-6.4999,3.0000
44,scouts,8,-3.5000,4.9999,3.0000
44,scouts,9,-5.0000,6.4999,3.0000
44,scouts,10,-6.5000,4.9999,3.0000
44,scouts,11,-5.0000,3.4999,3.0000
44,scouts,12,6.5002,5.0002,3.0000
44,scouts,13,5.0002,6.5002,3.0000
44,scouts,14,3.5002,5.0002,3.0000
44,scouts,15,5.0002,3.5002,3.0000
44,workers,0,-3.0000,-5.0000,3.0000
44,workers,1,7.0000,-5.0000,3.0000
44,workers,2,-3.0000,5.0000,3.0000
44,workers,3,7.0000,5.0000,3.0000
45,general,0,0.0000,0.0000,5.0000
45,nodes,0,-5.0002,-4.9962,3.0000
45,nodes,1,4.9970,-5.0011,3.0000
45,nodes,2,-4.9985,5.0032,3.0000
45,nodes,3,4.9980,4.9974,3.0000
45,scouts,0,-3.5000,-4.9993,3.0000
45,scouts,1,-5.0000,-3.4993,3.0000
45,scouts,2,-6.5000,-4.9993,3.0000
45,scouts,3,-5.0000,-6.4993,3.0000
45,scouts,4,6.4998,-5.0000,3.0000
45,scouts,5,4.9998,-3.5000,3.0000
45,scouts,6,3.4998,-5.0000,3.0000
45,scouts,7,4.9998,-6.5000,3.0000
45,scouts,8,-3.4998,5.0004,3.0000
45,scouts,9,-4.9998,6.5004,3.0000
45,scouts,10,-6.4998,5.0004,3.0000
45,scouts,11,-4.9998,3.5004,3.0000
45,scouts,12,6.4999,4.9998,3.0000
45,scouts,13,4.9999,6.4998,3.0000
45,scouts,14,3.4999,4.9998,3.0000
45,scouts,15,4.9999,3.4998,3.0000
45,workers,0,-3.0000,-5.0000,3.0000
45,workers,1,7.0000,-5.0000,3.0000
45,workers,2,-3.0000,5.0000,3.0000
45,workers,3,7.0000,5.0000,3.0000
46,general,0,0.0000,0.0000,5.0000
46,nodes,0,-5.0001,-4.9989,3.0000
46,nodes,1,4.9997,-5.0001,3.0000
46,nodes,2,-4.9997,5.0007,3.0000
46,nodes,3,4.9997,4.9996,3.0000
46,scouts,0,-3.5000,-4.9993,3.0000
46,scouts,1,-5.0000,-3.4993,3.0000
46,scouts,2,-6.5000,-4.9993,3.0000
46,scouts,3,-5.0000,-6.4993,3.0000
46,scouts,4,6.4998,-5.0001,3.0000
46,scouts,5,4.9998,-3.5001,3.0000
46,scouts,6,3.4998,-5.0001,3.0000
46,scouts,7,4.9998,-6.5001,3.0000
46,scouts,8,-3.4998,5.0004,3.0000
46,scouts,9,-4.9998,6.5004,3.0000
46,scouts,10,-6.4998,5.0004,3.0000
46,scouts,11,-4.9998,3.5004,3.0000
46,scouts,12,6.4999,4.9998,3.0000
46,scouts,13,4.9999,6.4998,3.0000
46,scouts,14,3.4999,4.9998,3.0000
46,scouts,15,4.9999,3.4998,3.0000
46,workers,0,-3.0000,-5.0000,3.0000
46,workers,1,7.0000,-5.0000,3.0000
46,workers,2,-3.0000,5.0000,3.0000
46,workers,3,7.0000,5.0000,3.0000
47,general,0,0.0000,0.0000,5.0000
47,nodes,0,-4.9997,-5.0029,3.0000
47,nodes,1,5.0033,-4.9986,3.0000
47,nodes,2,-5.0014,4.9971,3.0000
47,nodes,3,5.0022,5.0026,3.0000
47,scouts,0,-3.5000,-4.9997,3.0000
47,scouts,1,-5.0000,-3.4997,3.0000
47,scouts,2,-6.5000,-4.9997,3.0000
47,scouts,3,-5.0000,-6.4997,3.0000
47,scouts,4,6.5003,-4.9999,3.0000
47,scouts,5,5.0003,-3.4999,3.0000
47,scouts,6,3.5003,-4.9999,3.0000
47,scouts,7,5.0003,-6.4999,3.0000
47,scouts,8,-3.5000,5.0000,3.0000
47,scouts,9,-5.0000,6.5000,3.0000
47,scouts,10,-6.5000,5.0000,3.0000
47,scouts,11,-5.0000,3.5000,3.0000
47,scouts,12,6.5002,5.0002,3.0000
47,scouts,13,5.0002,6.5002,3.0000
47,scouts,14,3.5002,5.0002,3.0000
47,scouts,15,5.0002,3.5002,3.0000
47,workers,0,-3.0000,-5.0000,3.0000
47,workers,1,7.0000,-5.0000,3.0000
47,workers,2,-3.0000,5.0000,3.0000
47,workers,3,7.0000,5.0000,3.0000
48,general,0,0.0000,0.0000,5.0000
48,nodes,0,-5.0000,-5.0001,3.0000
48,nodes,1,5.0008,-4.9997,3.0000
48,nodes,2,-5.0002,4.9996,3.0000
48,nodes,3,5.0005,5.0006,3.0000
48,scouts,0,-3.5000,-4.9998,3.0000
48,scouts,1,-5.0000,-3.4998,3.0000
48,scouts,2,-6.5000,-4.9998,3.0000
48,scouts,3,-5.0000,-6.4998,3.0000
48,scouts,4,6.5003,-4.9998,3.0000
48,scouts,5,5.0003,-3.4998,3.0000
48,scouts,6,3.5003,-4.9998,3.0000
48,scouts,7,5.0003,-6.4998,3.0000
48,scouts,8,-3.5000,4.9999,3.0000
48,scouts,9,-5.0000,6.4999,3.0000
48,scouts,10,-6.5000,4.9999,3.0000
48,scouts,11,-5.0000,3.4999,3.0000
48,scouts,12,6.5002,5.0002,3.0000
48,scouts,13,5.0002,6.5002,3.0000
48,scouts,14,3.5002,5.0002,3.0000
48,scouts,15,5.0002,3.5002,3.0000
48,workers,0,-3.0000,-5.0000,3.0000
48,workers,1,7.0000,-5.0000,3.0000
48,workers,2,-3.0000,5.0000,3.0000
48,workers,3,7.0000,5.0000,3.0000
49,general,0,0.0000,0.0000,5.0000
49,nodes,0,-5.0015,-4.9965,3.0000
49,nodes,1,4.9971,-5.0011,3.0000
49,nodes,2,-4.9984,5.0030,3.0000
49,nodes,3,4.9979,4.9976,3.0000
49,scouts,0,-3.5002,-4.9994,3.0000
49,scouts,1,-5.0002,-3.4994,3.0000
49,scouts,2,-6.5002,-4.9994,3.0000
49,scouts,3,-5.0002,-6.4994,3.0000
49,scouts,4,6.4999,-5.0000,3.0000
49,scouts,5,4.9999,-3.5000,3.0000
49,scouts,6,3.4999,-5.0000,3.0000
49,scouts,7,4.9999,-6.5000,3.0000
49,scouts,8,-3.4998,5.0003,3.0000
49,scouts,9,-4.9998,6.5003,3.0000
49,scouts,10,-6.4998,5.0003,3.0000
49,scouts,11,-4.9998,3.5003,3.0000
49,scouts,12,6.4999,4.9999,3.0000
49,scouts,13,4.9999,6.4999,3.0000
49,scouts,14,3.4999,4.9999,3.0000
49,scouts,15,4.9999,3.4999,3.0000
49,workers,0,-3.0000,-5.0000,3.0000
49,workers,1,7.0000,-5.0000,3.0000
49,workers,2,-3.0000,5.0000,3.0000
49,workers,3,7.0000,5.0000,3.0000
50,general,0,0.0000,0.0000,5.0000
50,nodes,0,-5.0004,-4.9990,3.0000
50,nodes,1,4.9996,-5.0001,3.0000
50,nodes,2,-4.9997,5.0006,3.0000
50,nodes,3,4.9997,4.9997,3.0000
50,scouts,0,-3.5002,-4.9993,3.0000
50,scouts,1,-5.0002,-3.4993,3.0000
50,scouts,2,-6.5002,-4.9993,3.0000
50,scouts,3,-5.0002,-6.4993,3.0000
50,scouts,4,6.4999,-5.0000,3.0000
50,scouts,5,4.9999,-3.5000,3.0000
50,scouts,6,3.4999,-5.0000,3.0000
50,scouts,7,4.9999,-6.5000,3.0000
50,scouts,8,-3.4998,5.0004,3.0000
50,scouts,9,-4.9998,6.5004,3.0000
50,scouts,10,-6.4998,5.0004,3.0000
50,scouts,11,-4.9998,3.5004,3.0000
50,scouts,12,6.4999,4.9999,3.0000
50,scouts,13,4.9999,6.4999,3.0000
50,scouts,14,3.4999,4.9999,3.0000
50,scouts,15,4.9999,3.4999,3.0000
50,workers,0,-3.0000,-5.0000,3.0000
50,workers,1,7.0000,-5.0000,3.0000
50,workers,2,-3.0000,5.0000,3.0000
50,workers,3,7.0000,5.0000,3.0000
51,general,0,0.0000,0.0000,5.0000
51,nodes,0,-4.9989,-5.0027,3.0000
51,nodes,1,5.0035,-4.9992,3.0000
51,nodes,2,-5.0015,4.9971,3.0000
51,nodes,3,5.0026,5.0025,3.0000
51,scouts,0,-3.5000,-4.9998,3.0000
51,scouts,1,-5.0000,-3.4998,3.0000
51,scouts,2,-6.5000,-4.9998,3.0000
51,scouts,3,-5.0000,-6.4998,3.0000
51,scouts,4,6.5004,-4.9999,3.0000
51,scouts,5,5.0004,-3.4999,3.0000
51,scouts,6,3.5004,-4.9999,3.0000
51,scouts,7,5.0004,-6.4999,3.0000
51,scouts,8,-3.5000,4.9999,3.0000
51,scouts,9,-5.0000,6.4999,3.0000
51,scouts,10,-6.5000,4.9999,3.0000
51,scouts,11,-5.0000,3.4999,3.0000
51,scouts,12,6.5002,5.0002,3.0000
51,scouts,13,5.0002,6.5002,3.0000
51,scouts,14,3.5002,5.0002,3.0000
51,scouts,15,5.0002,3.5002,3.0000
51,workers,0,-3.0000,-5.0000,3.0000
51,workers,1,7.0000,-5.0000,3.0000
51,workers,2,-3.0000,5.0000,3.0000
51,workers,3,7.0000,5.0000,3.0000
52,general,0,0.0000,0.0000,5.0000
52,nodes,0,-4.9999,-5.0001,3.0000
52,nodes,1,5.0009,-4.9998,3.0000
52,nodes,2,-5.0002,4.9995,3.0000
52,nodes,3,5.0007,5.0006,3.0000
52,scouts,0,-3.5000,-4.9998,3.0000
52,scouts,1,-5.0000,-3.4998,3.0000
52,scouts,2,-6.5000,-4.9998,3.0000
52,scouts,3,-5.0000,-6.4998,3.0000
52,scouts,4,6.5004,-4.9999,3.0000
52,scouts,5,5.0004,-3.4999,3.0000
52,scouts,6,3.5004,-4.9999,3.0000
52,scouts,7,5.0004,-6.4999,3.0000
52,scouts,8,-3.5000,4.9999,3.0000
52,scouts,9,-5.0000,6.4999,3.0000
52,scouts,10,-6.5000,4.9999,3.0000
52,scouts,11,-5.0000,3.4999,3.0000
52,scouts,12,6.5003,5.0003,3.0000
52,scouts,13,5.0003,6.5003,3.0000
52,scouts,14,3.5003,5.0003,3.0000
52,scouts,15,5.0003,3.5003,3.0000
52,workers,0,-3.0000,-5.0000,3.0000
52,workers,1,7.0000,-5.0000,3.0000
52,workers,2,-3.0000,5.0000,3.0000
52,workers,3,7.0000,5.0000,3.0000
53,general,0,0.0000,0.0000,5.0000
53,nodes,0,-5.0025,-4.9973,3.0000
53,nodes,1,4.9971,-5.0007,3.0000
53,nodes,2,-4.9985,5.0031,3.0000
53,nodes,3,4.9977,4.9979,3.0000
53,scouts,0,-3.5004,-4.9995,3.0000
53,scouts,1,-5.0004,-3.4995,3.0000
53,scouts,2,-6.5004,-4.9995,3.0000
53,scouts,3,-5.0004,-6.4995,3.0000
53,scouts,4,6.5000,-5.0000,3.0000
53,scouts,5,5.0000,-3.5000,3.0000
53,scouts,6,3.5000,-5.0000,3.0000
53,scouts,7,5.0000,-6.5000,3.0000
53,scouts,8,-3.4998,5.0003,3.0000
53,scouts,9,-4.9998,6.5003,3.0000
53,scouts,10,-6.4998,5.0003,3.0000
53,scouts,11,-4.9998,3.5003,3.0000
53,scouts,12,6.5000,5.0000,3.0000
53,scouts,13,5.0000,6.5000,3.0000
53,scouts,14,3.5000,5.0000,3.0000
53,scouts,15,5.0000,3.5000,3.0000
53,workers,0,-3.0000,-5.0000,3.0000
53,workers,1,7.0000,-5.0000,3.0000
53,workers,2,-3.0000,5.0000,3.0000
53,workers,3,7.0000,5.0000,3.0000
54,general,0,0.0000,0.0000,5.0000
54,nodes,0,-5.0006,-4.9993,3.0000
54,nodes,1,4.9997,-5.0001,3.0000
54,nodes,2,-4.9997,5.0006,3.0000
54,nodes,3,4.9997,4.9998,3.0000
54,scouts,0,-3.5004,-4.9995,3.0000
54,scouts,1,-5.0004,-3.4995,3.0000
54,scouts,2,-6.5004,-4.9995,3.0000
54,scouts,3,-5.0004,-6.4995,3.0000
54,scouts,4,6.5000,-5.0000,3.0000
54,scouts,5,5.0000,-3.5000,3.0000
54,scouts,6,3.5000,-5.0000,3.0000
54,scouts,7,5.0000,-6.5000,3.0000
54,scouts,8,-3.4998,5.0004,3.0000
54,scouts,9,-4.9998,6.5004,3.0000
54,scouts,10,-6.4998,5.0004,3.0000
54,scouts,11,-4.9998,3.5004,3.0000
54,scouts,12,6.4999,4.9999,3.0000
54,scouts,13,4.9999,6.4999,3.0000
54,scouts,14,3.4999,4.9999,3.0000
54,scouts,15,4.9999,3.4999,3.0000
54,workers,0,-3.0000,-5.0000,3.0000
54,workers,1,7.0000,-5.0000,3.0000
54,workers,2,-3.0000,5.0000,3.0000
54,workers,3,7.0000,5.0000,3.0000
55,general,0,0.0000,0.0000,5.0000
55,nodes,0,-4.9979,-5.0021,3.0000
55,nodes,1,5.0035,-4.9990,3.0000
55,nodes,2,-5.0014,4.9971,3.0000
55,nodes,3,5.0027,5.0023,3.0000
55,scouts,0,-3.5001,-4.9998,3.0000
55,scouts,1,-5.0001,-3.4998,3.0000
55,scouts,2,-6.5001,-4.9998,3.0000
55,scouts,3,-5.0001,-6.4998,3.0000
55,scouts,4,6.5004,-4.9999,3.0000
55,scouts,5,5.0004,-3.4999,3.0000
55,scouts,6,3.5004,-4.9999,3.0000
55,scouts,7,5.0004,-6.4999,3.0000
55,scouts,8,-3.5000,4.9999,3.0000
55,scouts,9,-5.0000,6.4999,3.0000
55,scouts,10,-6.5000,4.9999,3.0000
55,scouts,11,-5.0000,3.4999,3.0000
55,scouts,12,6.5003,5.0002,3.0000
55,scouts,13,5.0003,6.5002,3.0000
55,scouts,14,3.5003,5.0002,3.0000
55,scouts,15,5.0003,3.5002,3.0000
55,workers,0,-3.0000,-5.0000,3.0000
55,workers,1,7.0000,-5.0000,3.0000
55,workers,2,-3.0000,5.0000,3.0000
55,workers,3,7.0000,5.0000,3.0000
56,general,0,0.0000,0.0000,5.0000
56,nodes,0,-4.9999,-5.0001,3.0000
56,nodes,1,5.0008,-4.9998,3.0000
56,nodes,2,-5.0002,4.9995,3.0000
56,nodes,3,5.0006,5.0005,3.0000
56,scouts,0,-3.5000,-4.9999,3.0000
56,scouts,1,-5.0000,-3.4999,3.0000
56,scouts,2,-6.5000,-4.9999,3.0000
56,scouts,3,-5.0000,-6.4999,3.0000
56,scouts,4,6.5005,-4.9999,3.0000
56,scouts,5,5.0005,-3.4999,3.0000
56,scouts,6,3.5005,-4.9999,3.0000
56,scouts,7,5.0005,-6.4999,3.0000
56,scouts,8,-3.5001,4.9999,3.0000
56,scouts,9,-5.0001,6.4999,3.0000
56,scouts,10,-6.5001,4.9999,3.0000
56,scouts,11,-5.0001,3.4999,3.0000
56,scouts,12,6.5003,5.0003,3.0000
56,scouts,13,5.0003,6.5003,3.0000
56,scouts,14,3.5003,5.0003,3.0000
56,scouts,15,5.0003,3.5003,3.0000
56,workers,0,-3.0000,-5.0000,3.0000
56,workers,1,7.0000,-5.0000,3.0000
56,workers,2,-3.0000,5.0000,3.0000
56,workers,3,7.0000,5.0000,3.0000
57,general,0,0.0000,0.0000,5.0000
57,nodes,0,-5.0024,-4.9972,3.0000
57,nodes,1,4.9970,-5.0008,3.0000
57,nodes,2,-4.9987,5.0032,3.0000
57,nodes,3,4.9975,4.9981,3.0000
57,scouts,0,-3.5004,-4.9995,3.0000
57,scouts,1,-5.0004,-3.4995,3.0000
57,scouts,2,-6.5004,-4.9995,3.0000
57,scouts,3,-5.0004,-6.4995,3.0000
57,scouts,4,6.5000,-5.0000,3.0000
57,scouts,5,5.0000,-3.5000,3.0000
57,scouts,6,3.5000,-5.0000,3.0000
57,scouts,7,5.0000,-6.5000,3.0000
57,scouts,8,-3.4999,5.0003,3.0000
57,scouts,9,-4.9999,6.5003,3.0000
57,scouts,10,-6.4999,5.0003,3.0000
57,scouts,11,-4.9999,3.5003,3.0000
57,scouts,12,6.5000,5.0000,3.0000
57,scouts,13,5.0000,6.5000,3.0000
57,scouts,14,3.5000,5.0000,3.0000
57,scouts,15,5.0000,3.5000,3.0000
57,workers,0,-3.0000,-5.0000,3.0000
57,workers,1,7.0000,-5.0000,3.0000
57,workers,2,-3.0000,5.0000,3.0000
57,workers,3,7.0000,5.0000,3.0000
58,general,0,0.0000,0.0000,5.0000
58,nodes,0,-5.0006,-4.9993,3.0000
58,nodes,1,4.9997,-5.0000,3.0000
58,nodes,2,-4.9997,5.0006,3.0000
58,nodes,3,4.9996,4.9998,3.0000
58,scouts,0,-3.5004,-4.9995,3.0000
58,scouts,1,-5.0004,-3.4995,3.0000
58,scouts,2,-6.5004,-4.9995,3.0000
58,scouts,3,-5.0004,-6.4995,3.0000
58,scouts,4,6.5000,-5.0000,3.0000
58,scouts,5,5.0000,-3.5000,3.0000
58,scouts,6,3.5000,-5.0000,3.0000
58,scouts,7,5.0000,-6.5000,3.0000
58,scouts,8,-3.4999,5.0003,3.0000
58,scouts,9,-4.9999,6.5003,3.0000
58,scouts,10,-6.4999,5.0003,3.0000
58,scouts,11,-4.9999,3.5003,3.0000
58,scouts,12,6.4999,5.0000,3.0000
58,scouts,13,4.9999,6.5000,3.0000
58,scouts,14,3.4999,5.0000,3.0000
58,scouts,15,4.9999,3.5000,3.0000
58,workers,0,-3.0000,-5.0000,3.0000
58,workers,1,7.0000,-5.0000,3.0000
58,workers,2,-3.0000,5.0000,3.0000
58,workers,3,7.0000,5.0000,3.0000
59,general,0,0.0000,0.0000,5.0000
59,nodes,0,-4.9980,-5.0023,3.0000
59,nodes,1,5.0035,-4.9997,3.0000
59,nodes,2,-5.0013,4.9970,3.0000
59,nodes,3,5.0029,5.0019,3.0000
59,scouts,0,-3.5001,-4.9998,3.0000
59,scouts,1,-5.0001,-3.4998,3.0000
59,scouts,2,-6.5001,-4.9998,3.0000
59,scouts,3,-5.0001,-6.4998,3.0000
59,scouts,4,6.5004,-4.9999,3.0000
59,scouts,5,5.0004,-3.4999,3.0000
59,scouts,6,3.5004,-4.9999,3.0000
59,scouts,7,5.0004,-6.4999,3.0000
59,scouts,8,-3.5001,4.9999,3.0000
59,scouts,9,-5.0001,6.4999,3.0000
59,scouts,10,-6.5001,4.9999,3.0000
59,scouts,11,-5.0001,3.4999,3.0000
59,scouts,12,6.5003,5.0002,3.0000
59,scouts,13,5.0003,6.5002,3.0000
59,scouts,14,3.5003,5.0002,3.0000
59,scouts,15,5.0003,3.5002,3.0000
59,workers,0,-3.0044,-5.0000,3.0000
59,workers,1,6.9956,-5.0000,3.0000
59,workers,2,-3.0044,5.0000,3.0000
59,workers,3,6.9956,5.0000,3.0000
60,general,0,0.0000,0.0000,5.0000
60,nodes,0,-4.9998,-5.0003,3.0000
60,nodes,1,5.0008,-4.9999,3.0000
60,nodes,2,-5.0002,4.9995,3.0000
60,nodes,3,5.0006,5.0004,3.0000
60,scouts,0,-3.5000,-4.9999,3.0000
60,scouts,1,-5.0000,-3.4999,3.0000
60,scouts,2,-6.5000,-4.9999,3.0000
60,scouts,3,-5.0000,-6.4999,3.0000
60,scouts,4,6.5005,-4.9999,3.0000
60,scouts,5,5.0005,-3.4999,3.0000
60,scouts,6,3.5005,-4.9999,3.0000
60,scouts,7,5.0005,-6.4999,3.0000
60,scouts,8,-3.5001,4.9999,3.0000
60,scouts,9,-5.0001,6.4999,3.0000
60,scouts,10,-6.5001,4.9999,3.0000
60,scouts,11,-5.0001,3.4999,3.0000
60,scouts,12,6.5004,5.0002,3.0000
60,scouts,13,5.0004,6.5002,3.0000
60,scouts,14,3.5004,5.0002,3.0000
60,scouts,15,5.0004,3.5002,3.0000
60,workers,0,-3.0127,-5.0000,3.0000
60,workers,1,6.9873,-5.0000,3.0000
60,workers,2,-3.0127,5.0000,3.0000
60,workers,3,6.9873,5.0000,3.0000
61,general,0,0.0000,0.0000,5.0000
61,nodes,0,-5.0020,-4.9970,3.0000
61,nodes,1,4.9969,-5.0003,3.0000
61,nodes,2,-4.9986,5.0030,3.0000
61,nodes,3,4.9974,4.9981,3.0000
61,scouts,0,-3.5003,-4.9995,3.0000
61,scouts,1,-5.0003,-3.4995,3.0000
61,scouts,2,-6.5003,-4.9995,3.0000
61,scouts,3,-5.0003,-6.4995,3.0000
61,scouts,4,6.5000,-5.0000,3.0000
61,scouts,5,5.0000,-3.5000,3.0000
61,scouts,6,3.5000,-5.0000,3.0000
61,scouts,7,5.0000,-6.5000,3.0000
61,scouts,8,-3.4999,5.0003,3.0000
61,scouts,9,-4.9999,6.5003,3.0000
61,scouts,10,-6.4999,5.0003,3.0000
61,scouts,11,-4.9999,3.5003,3.0000
61,scouts,12,6.5000,5.0000,3.0000
61,scouts,13,5.0000,6.5000,3.0000
61,scouts,14,3.5000,5.0000,3.0000
61,scouts,15,5.0000,3.5000,3.0000
61,workers,0,-3.0244,-5.0000,3.0000
61,workers,1,6.9756,-5.0000,3.0000
61,workers,2,-3.0244,5.0000,3.0000
61,workers,3,6.9756,5.0000,3.0000
62,general,0,0.0000,0.0000,5.0000
62,nodes,0,-5.0004,-4.9993,3.0000
62,nodes,1,4.9996,-5.0000,3.0000
62,nodes,2,-4.9997,5.0005,3.0000
62,nodes,3,4.9996,4.9997,3.0000
62,scouts,0,-3.5003,-4.9995,3.0000
62,scouts,1,-5.0003,-3.4995,3.0000
62,scouts,2,-6.5003,-4.9995,3.0000
62,scouts,3,-5.0003,-6.4995,3.0000
62,scouts,4,6.5000,-5.0000,3.0000
62,scouts,5,5.0000,-3.5000,3.0000
62,scouts,6,3.5000,-5.0000,3.0000
62,scouts,7,5.0000,-6.5000,3.0000
62,scouts,8,-3.4999,5.0003,3.0000
62,scouts,9,-4.9999,6.5003,3.0000
62,scouts,10,-6.4999,5.0003,3.0000
62,scouts,11,-4.9999,3.5003,3.0000
62,scouts,12,6.4999,4.9999,3.0000
62,scouts,13,4.9999,6.4999,3.0000
62,scouts,14,3.4999,4.9999,3.0000
62,scouts,15,4.9999,3.4999,3.0000
62,workers,0,-3.0389,-5.0000,3.0000
62,workers,1,6.9611,-5.0000,3.0000
62,workers,2,-3.0389,5.0000,3.0000
62,workers,3,6.9611,5.0000,3.0000
63,general,0,0.0000,0.0000,5.0000
63,nodes,0,-4.9983,-5.0026,3.0000
63,nodes,1,5.0035,-4.9996,3.0000
63,nodes,2,-5.0015,4.9970,3.0000
63,nodes,3,5.0027,5.0021,3.0000
63,scouts,0,-3.5000,-4.9999,3.0000
63,scouts,1,-5.0000,-3.4999,3.0000
63,scouts,2,-6.5000,-4.9999,3.0000
63,scouts,3,-5.0000,-6.4999,3.0000
63,scouts,4,6.5004,-4.9999,3.0000
63,scouts,5,5.0004,-3.4999,3.0000
63,scouts,6,3.5004,-4.9999,3.0000
63,scouts,7,5.0004,-6.4999,3.0000
63,scouts,8,-3.5001,4.9999,3.0000
63,scouts,9,-5.0001,6.4999,3.0000
63,scouts,10,-6.5001,4.9999,3.0000
63,scouts,11,-5.0001,3.4999,3.0000
63,scouts,12,6.5003,5.0002,3.0000
63,scouts,13,5.0003,6.5002,3.0000
63,scouts,14,3.5003,5.0002,3.0000
63,scouts,15,5.0003,3.5002,3.0000
63,workers,0,-3.0559,-5.0000,3.0000
63,workers,1,6.9441,-5.0000,3.0000
63,workers,2,-3.0559,5.0000,3.0000
63,workers,3,6.9441,5.0000,3.0000
64,general,0,0.0000,0.0000,5.0000
64,nodes,0,-4.9998,-5.0003,3.0000
64,nodes,1,5.0008,-4.9999,3.0000
64,nodes,2,-5.0003,4.9995,3.0000
64,nodes,3,5.0005,5.0004,3.0000
64,scouts,0,-3.5000,-5.0000,3.0000
64,scouts,1,-5.0000,-3.5000,3.0000
64,scouts,2,-6.5000,-5.0000,3.0000
64,scouts,3,-5.0000,-6.5000,3.0000
64,scouts,4,6.5005,-4.9999,3.0000
64,scouts,5,5.0005,-3.4999,3.0000
64,scouts,6,3.5005,-4.9999,3.0000
64,scouts,7,5.0005,-6.4999,3.0000
64,scouts,8,-3.5001,4.9998,3.0000
64,scouts,9,-5.0001,6.4998,3.0000
64,scouts,10,-6.5001,4.9998,3.0000
64,scouts,11,-5.0001,3.4998,3.0000
64,scouts,12,6.5003,5.0002,3.0000
64,scouts,13,5.0003,6.5002,3.0000
64,scouts,14,3.5003,5.0002,3.0000
64,scouts,15,5.0003,3.5002,3.0000
64,workers,0,-3.0751,-5.0000,3.0000
64,workers,1,6.9249,-5.0000,3.0000
64,workers,2,-3.0751,5.0000,3.0000
64,workers,3,6.9249,5.0000,3.0000
65,general,0,0.0000,0.0000,5.0000
65,nodes,0,-5.0019,-4.9970,3.0000
65,nodes,1,4.9969,-5.0003,3.0000
65,nodes,2,-4.9984,5.0029,3.0000
65,nodes,3,4.9974,4.9981,3.0000
65,scouts,0,-3.5003,-4.9996,3.0000
65,scouts,1,-5.0003,-3.4996,3.0000
65,scouts,2,-6.5003,-4.9996,3.0000
65,scouts,3,-5.0003,-6.4996,3.0000
65,scouts,4,6.5000,-5.0000,3.0000
65,scouts,5,5.0000,-3.5000,3.0000
65,scouts,6,3.5000,-5.0000,3.0000
65,scouts,7,5.0000,-6.5000,3.0000
65,scouts,8,-3.4999,5.0002,3.0000
65,scouts,9,-4.9999,6.5002,3.0000
65,scouts,10,-6.4999,5.0002,3.0000
65,scouts,11,-4.9999,3.5002,3.0000
65,scouts,12,6.4999,5.0000,3.0000
65,scouts,13,4.9999,6.5000,3.0000
65,scouts,14,3.4999,5.0000,3.0000
65,scouts,15,4.9999,3.5000,3.0000
65,workers,0,-3.0962,-5.0000,3.0000
65,workers,1,6.9038,-5.0000,3.0000
65,workers,2,-3.0962,5.0000,3.0000
65,workers,3,6.9038,5.0000,3.0000
66,general,0,0.0000,0.0000,5.0000
66,nodes,0,-5.0005,-4.9993,3.0000
66,nodes,1,4.9996,-5.0001,3.0000
66,nodes,2,-4.9997,5.0005,3.0000
66,nodes,3,4.9996,4.9997,3.0000
66,scouts,0,-3.5003,-4.9995,3.0000
66,scouts,1,-5.0003,-3.4995,3.0000
66,scouts,2,-6.5003,-4.9995,3.0000
66,scouts,3,-5.0003,-6.4995,3.0000
66,scouts,4,6.4999,-5.0000,3.0000
66,scouts,5,4.9999,-3.5000,3.0000
66,scouts,6,3.4999,-5.0000,3.0000
66,scouts,7,4.9999,-6.5000,3.0000
66,scouts,8,-3.4999,5.0003,3.0000
66,scouts,9,-4.9999,6.5003,3.0000
66,scouts,10,-6.4999,5.0003,3.0000
66,scouts,11,-4.9999,3.5003,3.0000
66,scouts,12,6.4999,4.9999,3.0000
66,scouts,13,4.9999,6.4999,3.0000
66,scouts,14,3.4999,4.9999,3.0000
66,scouts,15,4.9999,3.4999,3.0000
66,workers,0,-3.1190,-5.0000,3.0000
66,workers,1,6.8810,-5.0000,3.0000
66,workers,2,-3.1190,5.0000,3.0000
66,workers,3,6.8810,5.0000,3.0000
67,general,0,0.0000,0.0000,5.0000
67,nodes,0,-4.9982,-5.0025,3.0000
67,nodes,1,5.0035,-4.9994,3.0000
67,nodes,2,-5.0016,4.9970,3.0000
67,nodes,3,5.0027,5.0020,3.0000
67,scouts,0,-3.5000,-4.9999,3.0000
67,scouts,1,-5.0000,-3.4999,3.0000
67,scouts,2,-6.5000,-4.9999,3.0000
67,scouts,3,-5.0000,-6.4999,3.0000
67,scouts,4,6.5004,-4.9999,3.0000
67,scouts,5,5.0004,-3.4999,3.0000
67,scouts,6,3.5004,-4.9999,3.0000
67,scouts,7,5.0004,-6.4999,3.0000
67,scouts,8,-3.5001,4.9998,3.0000
67,scouts,9,-5.0001,6.4998,3.0000
67,scouts,10,-6.5001,4.9998,3.0000
67,scouts,11,-5.0001,3.4998,3.0000
67,scouts,12,6.5003,5.0002,3.0000
67,scouts,13,5.0003,6.5002,3.0000
67,scouts,14,3.5003,5.0002,3.0000
67,scouts,15,5.0003,3.5002,3.0000
67,workers,0,-3.1431,-5.0000,3.0000
67,workers,1,6.8569,-5.0000,3.0000
67,workers,2,-3.1431,5.0000,3.0000
67,workers,3,6.8569,5.0000,3.0000
68,general,0,0.0000,0.0000,5.0000
68,nodes,0,-4.9998,-5.0003,3.0000
68,nodes,1,5.0007,-4.9999,3.0000
68,nodes,2,-5.0003,4.9995,3.0000
68,nodes,3,5.0006,5.0004,3.0000
68,scouts,0,-3.5000,-5.0000,3.0000
68,scouts,1,-5.0000,-3.5000,3.0000
68,scouts,2,-6.5000,-5.0000,3.0000
68,scouts,3,-5.0000,-6.5000,3.0000
68,scouts,4,6.5005,-4.9999,3.0000
68,scouts,5,5.0005,-3.4999,3.0000
68,scouts,6,3.5005,-4.9999,3.0000
68,scouts,7,5.0005,-6.4999,3.0000
68,scouts,8,-3.5001,4.9998,3.0000
68,scouts,9,-5.0001,6.4998,3.0000
68,scouts,10,-6.5001,4.9998,3.0000
68,scouts,11,-5.0001,3.4998,3.0000
68,scouts,12,6.5003,5.0002,3.0000
68,scouts,13,5.0003,6.5002,3.0000
68,scouts,14,3.5003,5.0002,3.0000
68,scouts,15,5.0003,3.5002,3.0000
68,workers,0,-3.1685,-5.0000,3.0000
68,workers,1,6.8315,-5.0000,3.0000
68,workers,2,-3.1685,5.0000,3.0000
68,workers,3,6.8315,5.0000,3.0000
69,general,0,0.0000,0.0000,5.0000
69,nodes,0,-5.0024,-4.9974,3.0000
69,nodes,1,4.9968,-5.0003,3.0000
69,nodes,2,-4.9983,5.0030,3.0000
69,nodes,3,4.9974,4.9982,3.0000
69,scouts,0,-3.5003,-4.9996,3.0000
69,scouts,1,-5.0003,-3.4996,3.0000
69,scouts,2,-6.5003,-4.9996,3.0000
69,scouts,3,-5.0003,-6.4996,3.0000
69,scouts,4,6.5000,-5.0000,3.0000
69,scouts,5,5.0000,-3.5000,3.0000
69,scouts,6,3.5000,-5.0000,3.0000
69,scouts,7,5.0000,-6.5000,3.0000
69,scouts,8,-3.4999,5.0002,3.0000
69,scouts,9,-4.9999,6.5002,3.0000
69,scouts,10,-6.4999,5.0002,3.0000
69,scouts,11,-4.9999,3.5002,3.0000
69,scouts,12,6.4999,5.0000,3.0000
69,scouts,13,4.9999,6.5000,3.0000
69,scouts,14,3.4999,5.0000,3.0000
69,scouts,15,4.9999,3.5000,3.0000
69,workers,0,-3.1949,-5.0000,3.0000
69,workers,1,6.8051,-5.0000,3.0000
69,workers,2,-3.1949,5.0000,3.0000
69,workers,3,6.8051,5.0000,3.0000
70,general,0,0.0000,0.0000,5.0000
70,nodes,0,-5.0006,-4.9994,3.0000
70,nodes,1,4.9996,-5.0000,3.0000
70,nodes,2,-4.9997,5.0006,3.0000
70,nodes,3,4.9997,4.9998,3.0000
70,scouts,0,-3.5003,-4.9996,3.0000
70,scouts,1,-5.0003,-3.4996,3.0000
70,scouts,2,-6.5003,-4.9996,3.0000
70,scouts,3,-5.0003,-6.4996,3.0000
70,scouts,4,6.4999,-5.0000,3.0000
70,scouts,5,4.9999,-3.5000,3.0000
70,scouts,6,3.4999,-5.0000,3.0000
70,scouts,7,4.9999,-6.5000,3.0000
70,scouts,8,-3.4998,5.0003,3.0000
70,scouts,9,-4.9998,6.5003,3.0000
70,scouts,10,-6.4998,5.0003,3.0000
70,scouts,11,-4.9998,3.5003,3.0000
70,scouts,12,6.4999,4.9999,3.0000
70,scouts,13,4.9999,6.4999,3.0000
70,scouts,14,3.4999,4.9999,3.0000
70,scouts,15,4.9999,3.4999,3.0000
70,workers,0,-3.2222,-5.0000,3.0000
70,workers,1,6.7778,-5.0000,3.0000
70,workers,2,-3.2222,5.0000,3.0000
70,workers,3,6.7778,5.0000,3.0000
71,general,0,0.0000,0.0000,5.0000
71,nodes,0,-4.9978,-5.0022,3.0000
71,nodes,1,5.0035,-4.9997,3.0000
71,nodes,2,-5.0017,4.9972,3.0000
71,nodes,3,5.0030,5.0019,3.0000
71,scouts,0,-3.5000,-4.9999,3.0000
71,scouts,1,-5.0000,-3.4999,3.0000
71,scouts,2,-6.5000,-4.9999,3.0000
71,scouts,3,-5.0000,-6.4999,3.0000
71,scouts,4,6.5004,-4.9999,3.0000
71,scouts,5,5.0004,-3.4999,3.0000
71,scouts,6,3.5004,-4.9999,3.0000
71,scouts,7,5.0004,-6.4999,3.0000
71,scouts,8,-3.5001,4.9998,3.0000
71,scouts,9,-5.0001,6.4998,3.0000
71,scouts,10,-6.5001,4.9998,3.0000
71,scouts,11,-5.0001,3.4998,3.0000
71,scouts,12,6.5003,5.0002,3.0000
71,scouts,13,5.0003,6.5002,3.0000
71,scouts,14,3.5003,5.0002,3.0000
71,scouts,15,5.0003,3.5002,3.0000
71,workers,0,-3.2504,-5.0000,3.0000
71,workers,1,6.7496,-5.0000,3.0000
71,workers,2,-3.2504,5.0000,3.0000
71,workers,3,6.7496,5.0000,3.0000
72,general,0,0.0000,0.0000,5.0000
72,nodes,0,-4.9998,-5.0002,3.0000
72,nodes,1,5.0007,-5.0000,3.0000
72,nodes,2,-5.0002,4.9996,3.0000
72,nodes,3,5.0007,5.0004,3.0000
72,scouts,0,-3.5000,-5.0000,3.0000
72,scouts,1,-5.0000,-3.5000,3.0000
72,scouts,2,-6.5000,-5.0000,3.0000
72,scouts,3,-5.0000,-6.5000,3.0000
72,scouts,4,6.5004,-4.9999,3.0000
72,scouts,5,5.0004,-3.4999,3.0000
72,scouts,6,3.5004,-4.9999,3.0000
72,scouts,7,5.0004,-6.4999,3.0000
72,scouts,8,-3.5001,4.9998,3.0000
72,scouts,9,-5.0001,6.4998,3.0000
72,scouts,10,-6.5001,4.9998,3.0000
72,scouts,11,-5.0001,3.4998,3.0000
72,scouts,12,6.5004,5.0002,3.0000
72,scouts,13,5.0004,6.5002,3.0000
72,scouts,14,3.5004,5.0002,3.0000
72,scouts,15,5.0004,3.5002,3.0000
72,workers,0,-3.2792,-5.0000,3.0000
72,workers,1,6.7208,-5.0000,3.0000
72,workers,2,-3.2792,5.0000,3.0000
72,workers,3,6.7208,5.0000,3.0000
73,general,0,0.0000,0.0000,5.0000
73,nodes,0,-5.0022,-4.9971,3.0000
73,nodes,1,4.9968,-5.0002,3.0000
73,nodes,2,-4.9981,5.0030,3.0000
73,nodes,3,4.9974,4.9983,3.0000
73,scouts,0,-3.5003,-4.9996,3.0000
73,scouts,1,-5.0003,-3.4996,3.0000
73,scouts,2,-6.5003,-4.9996,3.0000
73,scouts,3,-5.0003,-6.4996,3.0000
73,scouts,4,6.5000,-5.0000,3.0000
73,scouts,5,5.0000,-3.5000,3.0000
73,scouts,6,3.5000,-5.0000,3.0000
73,scouts,7,5.0000,-6.5000,3.0000
73,scouts,8,-3.4998,5.0002,3.0000
73,scouts,9,-4.9998,6.5002,3.0000
73,scouts,10,-6.4998,5.0002,3.0000
73,scouts,11,-4.9998,3.5002,3.0000
73,scouts,12,6.5000,5.0000,3.0000
73,scouts,13,5.0000,6.5000,3.0000
73,scouts,14,3.5000,5.0000,3.0000
73,scouts,15,5.0000,3.5000,3.0000
73,workers,0,-3.3087,-5.0000,3.0000
73,workers,1,6.6913,-5.0000,3.0000
73,workers,2,-3.3087,5.0000,3.0000
73,workers,3,6.6913,5.0000,3.0000
74,general,0,0.0000,0.0000,5.0000
74,nodes,0,-5.0005,-4.9993,3.0000
74,nodes,1,4.9995,-5.0000,3.0000
74,nodes,2,-4.9996,5.0007,3.0000
74,nodes,3,4.9997,4.9998,3.0000
74,scouts,0,-3.5003,-4.9995,3.0000
74,scouts,1,-5.0003,-3.4995,3.0000
74,scouts,2,-6.5003,-4.9995,3.0000
74,scouts,3,-5.0003,-6.4995,3.0000
74,scouts,4,6.4999,-5.0000,3.0000
74,scouts,5,4.9999,-3.5000,3.0000
74,scouts,6,3.4999,-5.0000,3.0000
74,scouts,7,4.9999,-6.5000,3.0000
74,scouts,8,-3.4998,5.0003,3.0000
74,scouts,9,-4.9998,6.5003,3.0000
74,scouts,10,-6.4998,5.0003,3.0000
74,scouts,11,-4.9998,3.5003,3.0000
74,scouts,12,6.4999,4.9999,3.0000
74,scouts,13,4.9999,6.4999,3.0000
74,scouts,14,3.4999,4.9999,3.0000
74,scouts,15,4.9999,3.4999,3.0000
74,workers,0,-3.3386,-5.0000,3.0000
74,workers,1,6.6614,-5.0000,3.0000
74,workers,2,-3.3386,5.0000,3.0000
74,workers,3,6.6614,5.0000,3.0000
75,general,0,0.0000,0.0000,5.0000
75,nodes,0,-4.9981,-5.0024,3.0000
75,nodes,1,5.0034,-5.0002,3.0000
75,nodes,2,-5.0017,4.9974,3.0000
75,nodes,3,5.0029,5.0022,3.0000
75,scouts,0,-3.5000,-4.9999,3.0000
75,scouts,1,-5.0000,-3.4999,3.0000
75,scouts,2,-6.5000,-4.9999,3.0000
75,scouts,3,-5.0000,-6.4999,3.0000
75,scouts,4,6.5004,-5.0000,3.0000
75,scouts,5,5.0004,-3.5000,3.0000
75,scouts,6,3.5004,-5.0000,3.0000
75,scouts,7,5.0004,-6.5000,3.0000
75,scouts,8,-3.5001,4.9999,3.0000
75,scouts,9,-5.0001,6.4999,3.0000
75,scouts,10,-6.5001,4.9999,3.0000
75,scouts,11,-5.0001,3.4999,3.0000
75,scouts,12,6.5003,5.0002,3.0000
75,scouts,13,5.0003,6.5002,3.0000
75,scouts,14,3.5003,5.0002,3.0000
75,scouts,15,5.0003,3.5002,3.0000
75,workers,0,-3.3690,-5.0000,3.0000
75,workers,1,6.6310,-5.0000,3.0000
75,workers,2,-3.3690,5.0000,3.0000
75,workers,3,6.6310,5.0000,3.0000
76,general,0,0.0000,0.0000,5.0000
76,nodes,0,-4.9998,-5.0002,3.0000
76,nodes,1,5.0007,-5.0000,3.0000
76,nodes,2,-5.0002,4.9997,3.0000
76,nodes,3,5.0007,5.0004,3.0000
76,scouts,0,-3.5000,-5.0000,3.0000
76,scouts,1,-5.0000,-3.5000,3.0000
76,scouts,2,-6.5000,-5.0000,3.0000
76,scouts,3,-5.0000,-6.5000,3.0000
76,scouts,4,6.5004,-5.0000,3.0000
76,scouts,5,5.0004,-3.5000,3.0000
76,scouts,6,3.5004,-5.0000,3.0000
76,scouts,7,5.0004,-6.5000,3.0000
76,scouts,8,-3.5001,4.9999,3.0000
76,scouts,9,-5.0001,6.4999,3.0000
76,scouts,10,-6.5001,4.9999,3.0000
76,scouts,11,-5.0001,3.4999,3.0000
76,scouts,12,6.5004,5.0003,3.0000
76,scouts,13,5.0004,6.5003,3.0000
76,scouts,14,3.5004,5.0003,3.0000
76,scouts,15,5.0004,3.5003,3.0000
76,workers,0,-3.3998,-5.0000,3.0000
76,workers,1,6.6002,-5.0000,3.0000
76,workers,2,-3.3998,5.0000,3.0000
76,workers,3,6.6002,5.0000,3.0000
77,general,0,0.0000,0.0000,5.0000
77,nodes,0,-5.0022,-4.9971,3.0000
77,nodes,1,4.9967,-4.9999,3.0000
77,nodes,2,-4.9982,5.0031,3.0000
77,nodes,3,4.9974,4.9983,3.0000
77,scouts,0,-3.5003,-4.9996,3.0000
77,scouts,1,-5.0003,-3.4996,3.0000
77,scouts,2,-6.5003,-4.9996,3.0000
77,scouts,3,-5.0003,-6.4996,3.0000
77,scouts,4,6.4999,-5.0000,3.0000
77,scouts,5,4.9999,-3.5000,3.0000
77,scouts,6,3.4999,-5.0000,3.0000
77,scouts,7,4.9999,-6.5000,3.0000
77,scouts,8,-3.4998,5.0003,3.0000
77,scouts,9,-4.9998,6.5003,3.0000
77,scouts,10,-6.4998,5.0003,3.0000
77,scouts,11,-4.9998,3.5003,3.0000
77,scouts,12,6.5000,5.0000,3.0000
77,scouts,13,5.0000,6.5000,3.0000
77,scouts,14,3.5000,5.0000,3.0000
77,scouts,15,5.0000,3.5000,3.0000
77,workers,0,-3.4310,-5.0000,3.0000
77,workers,1,6.5690,-5.0000,3.0000
77,workers,2,-3.4310,5.0000,3.0000
77,workers,3,6.5690,5.0000,3.0000
78,general,0,0.0000,0.0000,5.0000
78,nodes,0,-5.0006,-4.9993,3.0000
78,nodes,1,4.9995,-5.0000,3.0000
78,nodes,2,-4.9996,5.0007,3.0000
78,nodes,3,4.9997,4.9998,3.0000
78,scouts,0,-3.5003,-4.9996,3.0000
78,scouts,1,-5.0003,-3.4996,3.0000
78,scouts,2,-6.5003,-4.9996,3.0000
78,scouts,3,-5.0003,-6.4996,3.0000
78,scouts,4,6.4999,-5.0000,3.0000
78,scouts,5,4.9999,-3.5000,3.0000
78,scouts,6,3.4999,-5.0000,3.0000
78,scouts,7,4.9999,-6.5000,3.0000
78,scouts,8,-3.4998,5.0004,3.0000
78,scouts,9,-4.9998,6.5004,3.0000
78,scouts,10,-6.4998,5.0004,3.0000
78,scouts,11,-4.9998,3.5004,3.0000
78,scouts,12,6.4999,5.0000,3.0000
78,scouts,13,4.9999,6.5000,3.0000
78,scouts,14,3.4999,5.0000,3.0000
78,scouts,15,4.9999,3.5000,3.0000
78,workers,0,-3.4624,-5.0000,3.0000
78,workers,1,6.5376,-5.0000,3.0000
78,workers,2,-3.4624,5.0000,3.0000
78,workers,3,6.5376,5.0000,3.0000
79,general,0,0.0000,0.0000,5.0000
79,nodes,0,-4.9981,-5.0023,3.0000
79,nodes,1,5.0034,-4.9999,3.0000
79,nodes,2,-5.0015,4.9974,3.0000
79,nodes,3,5.0028,5.0022,3.0000
79,scouts,0,-3.5000,-4.9999,3.0000
79,scouts,1,-5.0000,-3.4999,3.0000
79,scouts,2,-6.5000,-4.9999,3.0000
79,scouts,3,-5.0000,-6.4999,3.0000
79,scouts,4,6.5003,-5.0000,3.0000
79,scouts,5,5.0003,-3.5000,3.0000
79,scouts,6,3.5003,-5.0000,3.0000
79,scouts,7,5.0003,-6.5000,3.0000
79,scouts,8,-3.5000,5.0000,3.0000
79,scouts,9,-5.0000,6.5000,3.0000
79,scouts,10,-6.5000,5.0000,3.0000
79,scouts,11,-5.0000,3.5000,3.0000
79,scouts,12,6.5003,5.0003,3.0000
79,scouts,13,5.0003,6.5003,3.0000
79,scouts,14,3.5003,5.0003,3.0000
79,scouts,15,5.0003,3.5003,3.0000
79,workers,0,-3.4941,-5.0000,3.0000
79,workers,1,6.5059,-5.0000,3.0000
79,workers,2,-3.4941,5.0000,3.0000
79,workers,3,6.5059,5.0000,3.0000
80,general,0,0.0000,0.0000,5.0000
80,nodes,0,-4.9999,-5.0002,3.0000
80,nodes,1,5.0007,-5.0000,3.0000
80,nodes,2,-5.0001,4.9998,3.0000
80,nodes,3,5.0007,5.0005,3.0000
80,scouts,0,-3.5000,-5.0000,3.0000
80,scouts,1,-5.0000,-3.5000,3.0000
80,scouts,2,-6.5000,-5.0000,3.0000
80,scouts,3,-5.0000,-6.5000,3.0000
80,scouts,4,6.5004,-5.0000,3.0000
80,scouts,5,5.0004,-3.5000,3.0000
80,scouts,6,3.5004,-5.0000,3.0000
80,scouts,7,5.0004,-6.5000,3.0000
80,scouts,8,-3.5000,4.9999,3.0000
80,scouts,9,-5.0000,6.4999,3.0000
80,scouts,10,-6.5000,4.9999,3.0000
80,scouts,11,-5.0000,3.4999,3.0000
80,scouts,12,6.5004,5.0003,3.0000
80,scouts,13,5.0004,6.5003,3.0000
80,scouts,14,3.5004,5.0003,3.0000
80,scouts,15,5.0004,3.5003,3.0000
80,workers,0,-3.5260,-5.0000,3.0000
80,workers,1,6.4740,-5.0000,3.0000
80,workers,2,-3.5260,5.0000,3.0000
80,workers,3,6.4740,5.0000,3.0000
81,general,0,0.0000,0.0000,5.0000
81,nodes,0,-5.0022,-4.9969,3.0000
81,nodes,1,4.9968,-5.0000,3.0000
81,nodes,2,-4.9981,5.0031,3.0000
81,nodes,3,4.9975,4.9981,3.0000
81,scouts,0,-3.5003,-4.9996,3.0000
81,scouts,1,-5.0003,-3.4996,3.0000
81,scouts,2,-6.5003,-4.9996,3.0000
81,scouts,3,-5.0003,-6.4996,3.0000
81,scouts,4,6.4999,-5.0000,3.0000
81,scouts,5,4.9999,-3.5000,3.0000
81,scouts,6,3.4999,-5.0000,3.0000
81,scouts,7,4.9999,-6.5000,3.0000
81,scouts,8,-3.4998,5.0004,3.0000
81,scouts,9,-4.9998,6.5004,3.0000
81,scouts,10,-6.4998,5.0004,3.0000
81,scouts,11,-4.9998,3.5004,3.0000
81,scouts,12,6.5000,5.0000,3.0000
81,scouts,13,5.0000,6.5000,3.0000
81,scouts,14,3.5000,5.0000,3.0000
81,scouts,15,5.0000,3.5000,3.0000
81,workers,0,-3.5581,-5.0000,3.0000
81,workers,1,6.4419,-5.0000,3.0000
81,workers,2,-3.5581,5.0000,3.0000
81,workers,3,6.4419,5.0000,3.0000
82,general,0,0.0000,0.0000,5.0000
82,nodes,0,-5.0006,-4.9992,3.0000
82,nodes,1,4.9995,-5.0000,3.0000
82,nodes,2,-4.9995,5.0008,3.0000
82,nodes,3,4.9997,4.9997,3.0000
82,scouts,0,-3.5003,-4.9995,3.0000
82,scouts,1,-5.0003,-3.4995,3.0000
82,scouts,2,-6.5003,-4.9995,3.0000
82,scouts,3,-5.0003,-6.4995,3.0000
82,scouts,4,6.4999,-5.0000,3.0000
82,scouts,5,4.9999,-3.5000,3.0000
82,scouts,6,3.4999,-5.0000,3.0000
82,scouts,7,4.9999,-6.5000,3.0000
82,scouts,8,-3.4997,5.0004,3.0000
82,scouts,9,-4.9997,6.5004,3.0000
82,scouts,10,-6.4997,5.0004,3.0000
82,scouts,11,-4.9997,3.5004,3.0000
82,scouts,12,6.4999,5.0000,3.0000
82,scouts,13,4.9999,6.5000,3.0000
82,scouts,14,3.4999,5.0000,3.0000
82,scouts,15,4.9999,3.5000,3.0000
82,workers,0,-3.5903,-5.0000,3.0000
82,workers,1,6.4097,-5.0000,3.0000
82,workers,2,-3.5903,5.0000,3.0000
82,workers,3,6.4097,5.0000,3.0000
83,general,0,0.0000,0.0000,5.0000
83,nodes,0,-4.9983,-5.0023,3.0000
83,nodes,1,5.0035,-5.0000,3.0000
83,nodes,2,-5.0016,4.9974,3.0000
83,nodes,3,5.0026,5.0022,3.0000
83,scouts,0,-3.5001,-4.9999,3.0000
83,scouts,1,-5.0001,-3.4999,3.0000
83,scouts,2,-6.5001,-4.9999,3.0000
83,scouts,3,-5.0001,-6.4999,3.0000
83,scouts,4,6.5003,-5.0000,3.0000
83,scouts,5,5.0003,-3.5000,3.0000
83,scouts,6,3.5003,-5.0000,3.0000
83,scouts,7,5.0003,-6.5000,3.0000
83,scouts,8,-3.5000,5.0000,3.0000
83,scouts,9,-5.0000,6.5000,3.0000
83,scouts,10,-6.5000,5.0000,3.0000
83,scouts,11,-5.0000,3.5000,3.0000
83,scouts,12,6.5003,5.0003,3.0000
83,scouts,13,5.0003,6.5003,3.0000
83,scouts,14,3.5003,5.0003,3.0000
83,scouts,15,5.0003,3.5003,3.0000
83,workers,0,-3.6227,-5.0000,3.0000
83,workers,1,6.3773,-5.0000,3.0000
83,workers,2,-3.6227,5.0000,3.0000
83,workers,3,6.3773,5.0000,3.0000
84,general,0,0.0000,0.0000,5.0000
84,nodes,0,-4.9999,-5.0001,3.0000
84,nodes,1,5.0007,-5.0000,3.0000
84,nodes,2,-5.0001,4.9998,3.0000
84,nodes,3,5.0006,5.0004,3.0000
84,scouts,0,-3.5000,-4.9999,3.0000
84,scouts,1,-5.0000,-3.4999,3.0000
84,scouts,2,-6.5000,-4.9999,3.0000
84,scouts,3,-5.0000,-6.4999,3.0000
84,scouts,4,6.5004,-5.0000,3.0000
84,scouts,5,5.0004,-3.5000,3.0000
84,scouts,6,3.5004,-5.0000,3.0000
84,scouts,7,5.0004,-6.5000,3.0000
84,scouts,8,-3.5000,5.0000,3.0000
84,scouts,9,-5.0000,6.5000,3.0000
84,scouts,10,-6.5000,5.0000,3.0000
84,scouts,11,-5.0000,3.5000,3.0000
84,scouts,12,6.5003,5.0003,3.0000
84,scouts,13,5.0003,6.5003,3.0000
84,scouts,14,3.5003,5.0003,3.0000
84,scouts,15,5.0003,3.5003,3.0000
84,workers,0,-3.6552,-5.0000,3.0000
84,workers,1,6.3448,-5.0000,3.0000
84,workers,2,-3.6552,5.0000,3.0000
84,workers,3,6.3448,5.0000,3.0000
85,general,0,0.0000,0.0000,5.0000
85,nodes,0,-5.0019,-4.9968,3.0000
85,nodes,1,4.9968,-5.0000,3.0000
85,nodes,2,-4.9982,5.0032,3.0000
85,nodes,3,4.9974,4.9980,3.0000
85,scouts,0,-3.5003,-4.9995,3.0000
85,scouts,1,-5.0003,-3.4995,3.0000
85,scouts,2,-6.5003,-4.9995,3.0000
85,scouts,3,-5.0003,-6.4995,3.0000
85,scouts,4,6.4999,-5.0000,3.0000
85,scouts,5,4.9999,-3.5000,3.0000
85,scouts,6,3.4999,-5.0000,3.0000
85,scouts,7,4.9999,-6.5000,3.0000
85,scouts,8,-3.4998,5.0004,3.0000
85,scouts,9,-4.9998,6.5004,3.0000
85,scouts,10,-6.4998,5.0004,3.0000
85,scouts,11,-4.9998,3.5004,3.0000
85,scouts,12,6.4999,5.0000,3.0000
85,scouts,13,4.9999,6.5000,3.0000
85,scouts,14,3.4999,5.0000,3.0000
85,scouts,15,4.9999,3.5000,3.0000
85,workers,0,-3.6879,-5.0000,3.0000
85,workers,1,6.3121,-5.0000,3.0000
85,workers,2,-3.6879,5.0000,3.0000
85,workers,3,6.3121,5.0000,3.0000
86,general,0,0.0000,0.0000,5.0000
86,nodes,0,-5.0005,-4.9991,3.0000
86,nodes,1,4.9996,-5.0000,3.0000
86,nodes,2,-4.9996,5.0008,3.0000
86,nodes,3,4.9996,4.9997,3.0000
86,scouts,0,-3.5003,-4.9994,3.0000
86,scouts,1,-5.0003,-3.4994,3.0000
86,scouts,2,-6.5003,-4.9994,3.0000
86,scouts,3,-5.0003,-6.4994,3.0000
86,scouts,4,6.4999,-5.0000,3.0000
86,scouts,5,4.9999,-3.5000,3.0000
86,scouts,6,3.4999,-5.0000,3.0000
86,scouts,7,4.9999,-6.5000,3.0000
86,scouts,8,-3.4997,5.0005,3.0000
86,scouts,9,-4.9997,6.5005,3.0000
86,scouts,10,-6.4997,5.0005,3.0000
86,scouts,11,-4.9997,3.5005,3.0000
86,scouts,12,6.4999,4.9999,3.0000
86,scouts,13,4.9999,6.4999,3.0000
86,scouts,14,3.4999,4.9999,3.0000
86,scouts,15,4.9999,3.4999,3.0000
86,workers,0,-3.7206,-5.0000,3.0000
86,workers,1,6.2794,-5.0000,3.0000
86,workers,2,-3.7206,5.0000,3.0000
86,workers,3,6.2794,5.0000,3.0000
87,general,0,0.0000,0.0000,5.0000
87,nodes,0,-4.9985,-5.0025,3.0000
87,nodes,1,5.0036,-5.0003,3.0000
87,nodes,2,-5.0014,4.9973,3.0000
87,nodes,3,5.0027,5.0021,3.0000
87,scouts,0,-3.5001,-4.9999,3.0000
87,scouts,1,-5.0001,-3.4999,3.0000
87,scouts,2,-6.5001,-4.9999,3.0000
87,scouts,3,-5.0001,-6.4999,3.0000
87,scouts,4,6.5004,-5.0000,3.0000
87,scouts,5,5.0004,-3.5000,3.0000
87,scouts,6,3.5004,-5.0000,3.0000
87,scouts,7,5.0004,-6.5000,3.0000
87,scouts,8,-3.5000,5.0000,3.0000
87,scouts,9,-5.0000,6.5000,3.0000
87,scouts,10,-6.5000,5.0000,3.0000
87,scouts,11,-5.0000,3.5000,3.0000
87,scouts,12,6.5003,5.0002,3.0000
87,scouts,13,5.0003,6.5002,3.0000
87,scouts,14,3.5003,5.0002,3.0000
87,scouts,15,5.0003,3.5002,3.0000
87,workers,0,-3.7534,-5.0000,3.0000
87,workers,1,6.2466,-5.0000,3.0000
87,workers,2,-3.7534,5.0000,3.0000
87,workers,3,6.2466,5.0000,3.0000
88,general,0,0.0000,0.0000,5.0000
88,nodes,0,-4.9999,-5.0001,3.0000
88,nodes,1,5.0008,-5.0000,3.0000
88,nodes,2,-5.0001,4.9998,3.0000
88,nodes,3,5.0005,5.0004,3.0000
88,scouts,0,-3.5001,-4.9999,3.0000
88,scouts,1,-5.0001,-3.4999,3.0000
88,scouts,2,-6.5001,-4.9999,3.0000
88,scouts,3,-5.0001,-6.4999,3.0000
88,scouts,4,6.5004,-5.0000,3.0000
88,scouts,5,5.0004,-3.5000,3.0000
88,scouts,6,3.5004,-5.0000,3.0000
88,scouts,7,5.0004,-6.5000,3.0000
88,scouts,8,-3.5000,5.0000,3.0000
88,scouts,9,-5.0000,6.5000,3.0000
88,scouts,10,-6.5000,5.0000,3.0000
88,scouts,11,-5.0000,3.5000,3.0000
88,scouts,12,6.5003,5.0002,3.0000
88,scouts,13,5.0003,6.5002,3.0000
88,scouts,14,3.5003,5.0002,3.0000
88,scouts,15,5.0003,3.5002,3.0000
88,workers,0,-3.7863,-5.0000,3.0000
88,workers,1,6.2137,-5.0000,3.0000
88,workers,2,-3.7863,5.0000,3.0000
88,workers,3,6.2137,5.0000,3.0000
89,general,0,0.0000,0.0000,5.0000
89,nodes,0,-5.0024,-4.9971,3.0000
89,nodes,1,4.9968,-4.9998,3.0000
89,nodes,2,-4.9981,5.0032,3.0000
89,nodes,3,4.9974,4.9979,3.0000
89,scouts,0,-3.5004,-4.9995,3.0000
89,scouts,1,-5.0004,-3.4995,3.0000
89,scouts,2,-6.5004,-4.9995,3.0000
89,scouts,3,-5.0004,-6.4995,3.0000
89,scouts,4,6.4999,-5.0000,3.0000
89,scouts,5,4.9999,-3.5000,3.0000
89,scouts,6,3.4999,-5.0000,3.0000
89,scouts,7,4.9999,-6.5000,3.0000
89,scouts,8,-3.4997,5.0004,3.0000
89,scouts,9,-4.9997,6.5004,3.0000
89,scouts,10,-6.4997,5.0004,3.0000
89,scouts,11,-4.9997,3.5004,3.0000
89,scouts,12,6.4999,4.9999,3.0000
89,scouts,13,4.9999,6.4999,3.0000
89,scouts,14,3.4999,4.9999,3.0000
89,scouts,15,4.9999,3.4999,3.0000
89,workers,0,-3.8192,-5.0000,3.0000
89,workers,1,6.1808,-5.0000,3.0000
89,workers,2,-3.8192,5.0000,3.0000
89,workers,3,6.1808,5.0000,3.0000
90,general,0,0.0000,0.0000,5.0000
90,nodes,0,-5.0006,-4.9992,3.0000
90,nodes,1,4.9996,-5.0000,3.0000
90,nodes,2,-4.9995,5.0008,3.0000
90,nodes,3,4.9995,4.9996,3.0000
90,scouts,0,-3.5004,-4.9995,3.0000
90,scouts,1,-5.0004,-3.4995,3.0000
90,scouts,2,-6.5004,-4.9995,3.0000
90,scouts,3,-5.0004,-6.4995,3.0000
90,scouts,4,6.4999,-5.0000,3.0000
90,scouts,5,4.9999,-3.5000,3.0000
90,scouts,6,3.4999,-5.0000,3.0000
90,scouts,7,4.9999,-6.5000,3.0000
90,scouts,8,-3.4997,5.0005,3.0000
90,scouts,9,-4.9997,6.5005,3.0000
90,scouts,10,-6.4997,5.0005,3.0000
90,scouts,11,-4.9997,3.5005,3.0000
90,scouts,12,6.4999,4.9999,3.0000
90,scouts,13,4.9999,6.4999,3.0000
90,scouts,14,3.4999,4.9999,3.0000
90,scouts,15,4.9999,3.4999,3.0000
90,workers,0,-3.8522,-5.0000,3.0000
90,workers,1,6.1478,-5.0000,3.0000
90,workers,2,-3.8522,5.0000,3.0000
90,workers,3,6.1478,5.0000,3.0000
91,general,0,0.0000,0.0000,5.0000
91,nodes,0,-4.9981,-5.0023,3.0000
91,nodes,1,5.0035,-5.0001,3.0000
91,nodes,2,-5.0016,4.9974,3.0000
91,nodes,3,5.0026,5.0020,3.0000
91,scouts,0,-3.5001,-4.9999,3.0000
91,scouts,1,-5.0001,-3.4999,3.0000
91,scouts,2,-6.5001,-4.9999,3.0000
91,scouts,3,-5.0001,-6.4999,3.0000
91,scouts,4,6.5004,-5.0000,3.0000
91,scouts,5,5.0004,-3.5000,3.0000
91,scouts,6,3.5004,-5.0000,3.0000
91,scouts,7,5.0004,-6.5000,3.0000
91,scouts,8,-3.5000,5.0001,3.0000
91,scouts,9,-5.0000,6.5001,3.0000
91,scouts,10,-6.5000,5.0001,3.0000
91,scouts,11,-5.0000,3.5001,3.0000
91,scouts,12,6.5002,5.0002,3.0000
91,scouts,13,5.0002,6.5002,3.0000
91,scouts,14,3.5002,5.0002,3.0000
91,scouts,15,5.0002,3.5002,3.0000
91,workers,0,-3.8853,-5.0000,3.0000
91,workers,1,6.1147,-5.0000,3.0000
91,workers,2,-3.8853,5.0000,3.0000
91,workers,3,6.1147,5.0000,3.0000
92,general,0,0.0000,0.0000,5.0000
92,nodes,0,-4.9999,-5.0001,3.0000
92,nodes,1,5.0007,-5.0000,3.0000
92,nodes,2,-5.0002,4.9997,3.0000
92,nodes,3,5.0004,5.0003,3.0000
92,scouts,0,-3.5001,-4.9999,3.0000
92,scouts,1,-5.0001,-3.4999,3.0000
92,scouts,2,-6.5001,-4.9999,3.0000
92,scouts,3,-5.0001,-6.4999,3.0000
92,scouts,4,6.5004,-5.0000,3.0000
92,scouts,5,5.0004,-3.5000,3.0000
92,scouts,6,3.5004,-5.0000,3.0000
92,scouts,7,5.0004,-6.5000,3.0000
92,scouts,8,-3.5000,5.0000,3.0000
92,scouts,9,-5.0000,6.5000,3.0000
92,scouts,10,-6.5000,5.0000,3.0000
92,scouts,11,-5.0000,3.5000,3.0000
92,scouts,12,6.5002,5.0002,3.0000
92,scouts,13,5.0002,6.5002,3.0000
92,scouts,14,3.5002,5.0002,3.0000
92,scouts,15,5.0002,3.5002,3.0000
92,workers,0,-3.9183,-5.0000,3.0000
92,workers,1,6.0817,-5.0000,3.0000
92,workers,2,-3.9183,5.0000,3.0000
92,workers,3,6.0817,5.0000,3.0000
93,general,0,0.0000,0.0000,5.0000
93,nodes,0,-5.0024,-4.9971,3.0000
93,nodes,1,4.9968,-5.0000,3.0000
93,nodes,2,-4.9982,5.0031,3.0000
93,nodes,3,4.9971,4.9981,3.0000
93,scouts,0,-3.5004,-4.9995,3.0000
93,scouts,1,-5.0004,-3.4995,3.0000
93,scouts,2,-6.5004,-4.9995,3.0000
93,scouts,3,-5.0004,-6.4995,3.0000
93,scouts,4,6.4999,-5.0000,3.0000
93,scouts,5,4.9999,-3.5000,3.0000
93,scouts,6,3.4999,-5.0000,3.0000
93,scouts,7,4.9999,-6.5000,3.0000
93,scouts,8,-3.4998,5.0004,3.0000
93,scouts,9,-4.9998,6.5004,3.0000
93,scouts,10,-6.4998,5.0004,3.0000
93,scouts,11,-4.9998,3.5004,3.0000
93,scouts,12,6.4998,4.9999,3.0000
93,scouts,13,4.9998,6.4999,3.0000
93,scouts,14,3.4998,4.9999,3.0000
93,scouts,15,4.9998,3.4999,3.0000
93,workers,0,-3.9514,-5.0000,3.0000
93,workers,1,6.0486,-5.0000,3.0000
93,workers,2,-3.9514,5.0000,3.0000
93,workers,3,6.0486,5.0000,3.0000
94,general,0,0.0000,0.0000,5.0000
94,nodes,0,-5.0006,-4.9992,3.0000
94,nodes,1,4.9996,-5.0000,3.0000
94,nodes,2,-4.9996,5.0007,3.0000
94,nodes,3,4.9994,4.9996,3.0000
94,scouts,0,-3.5004,-4.9995,3.0000
94,scouts,1,-5.0004,-3.4995,3.0000
94,scouts,2,-6.5004,-4.9995,3.0000
94,scouts,3,-5.0004,-6.4995,3.0000
94,scouts,4,6.4999,-5.0000,3.0000
94,scouts,5,4.9999,-3.5000,3.0000
94,scouts,6,3.4999,-5.0000,3.0000
94,scouts,7,4.9999,-6.5000,3.0000
94,scouts,8,-3.4997,5.0005,3.0000
94,scouts,9,-4.9997,6.5005,3.0000
94,scouts,10,-6.4997,5.0005,3.0000
94,scouts,11,-4.9997,3.5005,3.0000
94,scouts,12,6.4998,4.9999,3.0000
94,scouts,13,4.9998,6.4999,3.0000
94,scouts,14,3.4998,4.9999,3.0000
94,scouts,15,4.9998,3.4999,3.0000
94,workers,0,-3.9846,-5.0000,3.0000
94,workers,1,6.0154,-5.0000,3.0000
94,workers,2,-3.9846,5.0000,3.0000
94,workers,3,6.0154,5.0000,3.0000
95,general,0,0.0000,0.0000,5.0000
95,nodes,0,-4.9982,-5.0023,3.0000
95,nodes,1,5.0035,-5.0001,3.0000
95,nodes,2,-5.0016,4.9973,3.0000
95,nodes,3,5.0026,5.0017,3.0000
95,scouts,0,-3.5001,-4.9999,3.0000
95,scouts,1,-5.0001,-3.4999,3.0000
95,scouts,2,-6.5001,-4.9999,3.0000
95,scouts,3,-5.0001,-6.4999,3.0000
95,scouts,4,6.5004,-5.0000,3.0000
95,scouts,5,5.0004,-3.5000,3.0000
95,scouts,6,3.5004,-5.0000,3.0000
95,scouts,7,5.0004,-6.5000,3.0000
95,scouts,8,-3.5000,5.0000,3.0000
95,scouts,9,-5.0000,6.5000,3.0000
95,scouts,10,-6.5000,5.0000,3.0000
95,scouts,11,-5.0000,3.5000,3.0000
95,scouts,12,6.5001,5.0001,3.0000
95,scouts,13,5.0001,6.5001,3.0000
95,scouts,14,3.5001,5.0001,3.0000
95,scouts,15,5.0001,3.5001,3.0000
95,workers,0,-4.0178,-5.0000,3.0000
95,workers,1,5.9822,-5.0000,3.0000
95,workers,2,-4.0178,5.0000,3.0000
95,workers,3,5.9822,5.0000,3.0000
